"","f[i]","label","Label","TotalOrTargetOverlap","UnionOverlap","MeanOverlap","VolumeSimilarity","FalseNegativeError","FalsePositiveError","Label","TotalOrTargetOverlap","UnionOverlap","MeanOverlap","VolumeSimilarity","FalseNegativeError","FalsePositiveError"
"1","Scan_0005__rec-18um-tx-simple-label.nrrd",1,"All",0.940248514316586,0.922603901611535,0.959744127054152,-0.0414690636373663,0.0597514856834144,1.04179928271237e-05,"All",0.899621826039978,0.887065842744513,0.940153568202349,-0.0901084010840108,0.100378173960022,7.71049186640225e-06
"2","Scan_0005__rec-18um-tx-simple-label.nrrd",2,"All",0.918457105303069,0.878105364910585,0.935097019918678,-0.03623449482732,0.0815428946969314,5.35357412323739e-05,"All",0.870532329002578,0.837060081664398,0.911303979678239,-0.0936706181202371,0.129467670997422,4.65861070569942e-05
"3","Scan_0005__rec-18um-tx-simple-label.nrrd",3,"All",0.926815642458101,0.869269059470789,0.930063069376314,-0.00700770847932726,0.0731843575418994,1.39448579130773e-05,"All",0.884078212290503,0.859120521172638,0.924222514235655,-0.090816177544167,0.115921787709497,6.11926254413518e-06
"4","Scan_0005__rec-18um-tx-simple-label.nrrd",4,"All",0.849681216282491,0.793632615666514,0.884944451538756,-0.0830034478355255,0.150318783717509,1.6946146675725e-05,"All",0.820009808729769,0.762599771949829,0.865312459567861,-0.110492948635011,0.17999019127023,1.80641216300263e-05
"5","Scan_0005__rec-18um-tx-simple-label.nrrd",5,"All",0.932145606510503,0.909344490934449,0.952520087655223,-0.0437152329044221,0.0678543934894974,1.34196594125756e-05,"All",0.928186517101067,0.890953235511454,0.942332384301904,-0.0304806565064478,0.0718134828989332,2.23660990209593e-05
"6","Scan_0005__rec-18um-tx-simple-label.nrrd",6,"All",0.973309030534902,0.928926360027214,0.963153782619372,0.0208674688037145,0.0266909694650978,0.000313531263241441,"All",0.946266151736086,0.90901132049304,0.952337276091448,-0.0128317479056462,0.053733848263914,0.000268944097760647
"7","Scan_0005__rec-18um-tx-simple-label.nrrd",7,"All",0.946236559139785,0.864157119476268,0.927129060579456,0.0403863037752414,0.0537634408602151,3.11791593322106e-06,"All",0.829749103942652,0.796901893287435,0.886973180076628,-0.137931034482759,0.170250896057348,1.35305785781292e-06
"8","Scan_0005__rec-18um-tx-simple-label.nrrd",8,"All",0.909473684210526,0.798521256931608,0.8879753340185,0.0472764645426516,0.0905263157894737,3.88266880770359e-06,"All",0.873684210526316,0.799614643545279,0.88865096359743,-0.0342612419700214,0.126315789473684,2.58844587180239e-06
"9","Scan_0005__rec-18um-tx-simple-label.nrrd",9,"All",0.913875598086124,0.801678908709339,0.889924286546302,0.052417006406523,0.0861244019138756,6.88305906205907e-06,"All",0.87799043062201,0.796095444685466,0.886473429951691,-0.0193236714975845,0.12200956937799,5.05934255843658e-06
"10","Scan_0005__rec-18um-tx-simple-label.nrrd",10,"All",0.946434782608696,0.890671031096563,0.942174515235457,0.00900277008310249,0.0535652173913043,1.05905920123284e-05,"All",0.739826086956522,0.68042226487524,0.809822958309537,-0.189225204644965,0.260173913043478,1.4767992194969e-05
"11","Scan_0005__rec-18um-tx-simple-label.nrrd",11,"All",0.976195536663124,0.935152193830805,0.966489557577989,0.0198853174811931,0.0238044633368757,2.43088717022485e-05,"All",0.919128586609989,0.875404858299595,0.933563603000702,-0.031410221814453,0.0808714133900106,2.76638491526798e-05
"12","Scan_0005__rec-18um-tx-simple-label.nrrd",12,"All",0.919605077574048,0.863576158940397,0.926794598436389,-0.015636105188344,0.080394922425952,2.70613975458725e-06,"All",0.806770098730606,0.755614266842801,0.860797592174567,-0.133935289691497,0.193229901269394,2.82379800478669e-06
"13","Scan_0005__rec-18um-tx-simple-label.nrrd",13,"All",0.905775075987842,0.851428571428571,0.919753086419753,-0.0308641975308642,0.0942249240121581,2.47081584103571e-06,"All",0.782674772036474,0.733618233618234,0.846343467543139,-0.162695152013147,0.217325227963526,2.58847373822789e-06
"14","Scan_0005__rec-18um-tx-simple-label.nrrd",14,"All",0.977080709911422,0.951424514114139,0.975107678757478,0.00403862471939077,0.0229192900885775,0.000298038465578312,"All",0.958283555584256,0.932295320565846,0.964961525956432,-0.0139373577544164,0.0417164444157438,0.000308090052224238
"15","Scan_0005__rec-18um-tx-simple-label.nrrd",15,"All",0.947743778761641,0.864965465076932,0.927594082865498,0.042521399449271,0.052256221238359,0.000258829565391066,"All",0.928354888661098,0.889292802674188,0.941402837522531,-0.028109829593834,0.0716451113389021,0.00011879734382352
"16","Scan_0005__rec-18um-tx-simple-label.nrrd",16,"All",0.774656679151061,0.617412935323383,0.763457397723777,0.0289141802522301,0.225343320848939,7.20242086075284e-05,"All",0.845401581356638,0.675029074597109,0.805990874826423,0.0932354691529458,0.154598418643362,7.13769322229837e-05
"17","Scan_0006__rec-18um-tx-simple-label.nrrd",1,"All",0.988912636922255,0.904791004644341,0.950016041065127,0.0786653833814565,0.0110873630777451,4.09614017650833e-05,"All",0.989179802297622,0.87726572680962,0.934620724473053,0.11031175059952,0.0108201977023778,5.62042222495037e-05
"18","Scan_0006__rec-18um-tx-simple-label.nrrd",2,"All",0.949302416977795,0.880070439640515,0.936210070734149,0.0275830884015374,0.0506975830222048,7.07143414395756e-05,"All",0.929062684220869,0.774489461614066,0.872915256323466,0.120868976552403,0.0709373157791315,0.000179405993643952
"19","Scan_0006__rec-18um-tx-simple-label.nrrd",3,"All",0.929091928251121,0.888263665594855,0.940825883354619,-0.0252589754505463,0.0709080717488789,9.64959950631708e-06,"All",0.899943946188341,0.802549362659335,0.890460343871326,0.0210759844703272,0.100056053811659,2.54772962575323e-05
"20","Scan_0006__rec-18um-tx-simple-label.nrrd",4,"All",0.894946808510638,0.867939128191901,0.929301297983982,-0.0767743717205192,0.105053191489362,6.88424327338825e-06,"All",0.884308510638298,0.822409102151867,0.902551574375679,-0.0412595005428882,0.115691489361702,1.66516311655459e-05
"21","Scan_0006__rec-18um-tx-simple-label.nrrd",5,"All",0.980956892468025,0.857971494862446,0.923557220586924,0.117027919008117,0.0190431075319754,8.90600526696325e-05,"All",0.898910468972051,0.802367864693446,0.890348613522263,0.0190494064655375,0.101089531027949,7.4756290079599e-05
"22","Scan_0006__rec-18um-tx-simple-label.nrrd",6,"All",0.963000469023153,0.894899505700786,0.944535056353637,0.038349748029191,0.0369995309768473,0.000422294099831532,"All",0.954739265765574,0.835013005416593,0.910089468523439,0.0935329651626539,0.0452607342344263,0.000795668572185731
"23","Scan_0006__rec-18um-tx-simple-label.nrrd",7,"All",0.898989898989899,0.87041564792176,0.930718954248366,-0.0705882352941176,0.101010101010101,7.64764544292103e-07,"All",0.944444444444444,0.775933609958506,0.873831775700935,0.149532710280374,0.0555555555555556,5.05921160070161e-06
"24","Scan_0006__rec-18um-tx-simple-label.nrrd",8,"All",0.881720430107527,0.766355140186916,0.867724867724868,0.0317460317460317,0.118279569892473,3.29436569341692e-06,"All",0.913978494623656,0.758928571428571,0.862944162436548,0.111675126903553,0.0860215053763441,4.47092486963724e-06
"25","Scan_0006__rec-18um-tx-simple-label.nrrd",9,"All",0.915119363395225,0.793103448275862,0.884615384615385,0.0666666666666667,0.0848806366047745,6.82419657733597e-06,"All",0.897877984084881,0.780853517877739,0.876943005181347,0.0466321243523316,0.102122015915119,6.64770873481866e-06
"26","Scan_0006__rec-18um-tx-simple-label.nrrd",10,"All",0.966216216216216,0.774135338345865,0.872690286489236,0.193592134260044,0.0337837837837838,3.88905245266829e-05,"All",0.860735735735736,0.706625577812019,0.828096785843265,0.075839653304442,0.139264264264264,3.41836531770087e-05
"27","Scan_0006__rec-18um-tx-simple-label.nrrd",11,"All",0.968207465277778,0.930157406442197,0.963815078850724,0.00907323395981854,0.0317925347222222,2.21896851984087e-05,"All",0.972113715277778,0.903762735801473,0.949448919033489,0.0466299279355659,0.0278862847222222,4.10244312554135e-05
"28","Scan_0006__rec-18um-tx-simple-label.nrrd",12,"All",0.952741020793951,0.893617021276596,0.943820224719101,0.0187265917602996,0.0472589792060491,2.05899757526563e-06,"All",0.943289224952741,0.869337979094077,0.930102516309413,0.0279589934762349,0.056710775047259,2.64728259677009e-06
"29","Scan_0006__rec-18um-tx-simple-label.nrrd",13,"All",0.964656964656965,0.90272373540856,0.948875255623722,0.032719836400818,0.0353430353430353,1.94133508908463e-06,"All",0.860706860706861,0.699324324324324,0.823061630218688,0.0874751491053678,0.139293139293139,6.52994529964831e-06
"30","Scan_0006__rec-18um-tx-simple-label.nrrd",14,"All",0.977739476077656,0.954943247244613,0.976952398582981,0.0016099943061177,0.0222605239223436,0.00025277965473343,"All",0.917756767985268,0.844486805943008,0.915687554090427,0.004509286048381,0.0822432320147318,0.000918733956785142
"31","Scan_0006__rec-18um-tx-simple-label.nrrd",15,"All",0.974038640163478,0.902608022034774,0.948811328010134,0.0517994073604922,0.0259613598365224,0.00020099046781475,"All",0.963658740479287,0.888420286442166,0.940913728602199,0.0472055322525791,0.0363412595207134,0.000215085750035327
"32","Scan_0006__rec-18um-tx-simple-label.nrrd",16,"All",0.831315892229598,0.723042961453558,0.839262836306297,-0.0191189514142111,0.168684107770402,4.51336562321812e-05,"All",0.841468176493557,0.700699073321411,0.824013000669152,0.0414874295000478,0.158531823506443,6.05508895214008e-05
"33","Scan_0009__rec-18um-tx-simple-label.nrrd",1,"All",0.914557459518944,0.906576281751597,0.950999223507295,-0.0796926723609465,0.0854425404810564,6.59352174714197e-06,"All",0.885080962112875,0.877698963286304,0.934866536593466,-0.112499481090954,0.114919037887125,6.29916809771599e-06
"34","Scan_0009__rec-18um-tx-simple-label.nrrd",2,"All",0.932280526100214,0.877865866723805,0.934961204929256,-0.00575079872204473,0.0677194738997861,8.02256260323085e-05,"All",0.87926091111819,0.795487297731297,0.886096268947646,-0.0155479624830876,0.120739088881809,0.000136301100322145
"35","Scan_0009__rec-18um-tx-simple-label.nrrd",3,"All",0.943003219087294,0.856995353639649,0.922991381706978,0.0424427763877305,0.0569967809127059,3.11878247910372e-05,"All",0.805718613898883,0.752830856334041,0.858988593923488,-0.132229736549914,0.194281386101117,2.1831477353726e-05
"36","Scan_0009__rec-18um-tx-simple-label.nrrd",4,"All",0.92426273458445,0.830556113230275,0.907435841193244,0.0364114937486291,0.0757372654155496,2.97152933611445e-05,"All",0.926496872207328,0.826424870466321,0.904964539007092,0.046481178396072,0.073503127792672,3.18924534687927e-05
"37","Scan_0009__rec-18um-tx-simple-label.nrrd",5,"All",0.968478757423481,0.869636557551891,0.930273377506692,0.078897713809294,0.031521242576519,7.32275274048429e-05,"All",0.928460484239379,0.761712015591035,0.864740671403651,0.13725907330979,0.0715395157606213,0.000141039514197752
"38","Scan_0009__rec-18um-tx-simple-label.nrrd",6,"All",0.966092768574239,0.887847340849562,0.940592304937131,0.0527909212585066,0.0339072314257611,0.000674511965785367,"All",0.960408002044657,0.876304687334374,0.934075039357623,0.0548370330754687,0.0395919979553428,0.000734559476229218
"39","Scan_0009__rec-18um-tx-simple-label.nrrd",7,"All",0.905154639175258,0.857421875,0.923238696109359,-0.0399579390115668,0.0948453608247423,1.58836544665101e-06,"All",0.909278350515464,0.790322580645161,0.882882882882883,0.0580580580580581,0.0907216494845361,4.29446954094533e-06
"40","Scan_0009__rec-18um-tx-simple-label.nrrd",8,"All",0.944444444444444,0.866962305986696,0.92874109263658,0.0332541567695962,0.0555555555555556,2.17663985399335e-06,"All",0.954106280193237,0.842217484008529,0.914351851851852,0.0833333333333333,0.0458937198067633,3.23554572890904e-06
"41","Scan_0009__rec-18um-tx-simple-label.nrrd",9,"All",0.885521885521885,0.790581162324649,0.883044208170118,0.00559597090095131,0.114478114478114,6.29478378329566e-06,"All",0.785634118967452,0.624442462087422,0.768808347062054,0.042833607907743,0.214365881032548,1.35308436463365e-05
"42","Scan_0009__rec-18um-tx-simple-label.nrrd",10,"All",0.985468956406869,0.785263157894737,0.879716981132076,0.214622641509434,0.0145310435931308,4.54222812999527e-05,"All",0.938243064729194,0.628957272526013,0.772220712150041,0.353900516444686,0.0617569352708058,8.76085192430436e-05
"43","Scan_0009__rec-18um-tx-simple-label.nrrd",11,"All",0.946665781083953,0.922046836589468,0.959442630675507,-0.0269933694591229,0.0533342189160468,2.36692856750892e-05,"All",0.849561636556854,0.803656697662729,0.891141533423904,-0.0978855331452259,0.150438363443146,5.06357852750665e-05
"44","Scan_0009__rec-18um-tx-simple-label.nrrd",12,"All",0.903225806451613,0.871447902571042,0.931308749096168,-0.0621836587129429,0.0967741935483871,1.52955761252294e-06,"All",0.931276297335203,0.823821339950372,0.903401360544218,0.0598639455782313,0.0687237026647966,5.47110992171665e-06
"45","Scan_0009__rec-18um-tx-simple-label.nrrd",13,"All",0.867388362652233,0.842312746386334,0.914407988587732,-0.108416547788873,0.132611637347767,1.29424303636946e-06,"All",0.807848443843031,0.744389027431421,0.853466761972838,-0.112937812723374,0.192151556156969,3.70624142233074e-06
"46","Scan_0009__rec-18um-tx-simple-label.nrrd",14,"All",0.960961992926212,0.94986883224114,0.974289979443776,-0.0277388421512477,0.0390380070737884,0.000131410320665573,"All",0.82933560314884,0.650745253236759,0.788426017837443,0.0986562862032483,0.17066439685116,0.00308805330273874
"47","Scan_0009__rec-18um-tx-simple-label.nrrd",15,"All",0.912539116222519,0.886923672994963,0.940073714361981,-0.0603472172315021,0.087460883777481,8.54921679085058e-05,"All",0.964202427697275,0.917844606773551,0.957162643450732,0.0146022952117135,0.0357975723027247,0.000149508042429368
"48","Scan_0009__rec-18um-tx-simple-label.nrrd",16,"All",0.764405204460966,0.602858538968971,0.752229250819297,0.031857327947565,0.235594795539033,0.000101808807062071,"All",0.825898389095415,0.730711251199123,0.844405732837121,-0.0448174835695621,0.174101610904585,4.94920270168795e-05
"49","Scan_0010__rec-18um-tx-simple-label.nrrd",1,"All",0.957349263684357,0.922984195017412,0.959949850247266,-0.00543288987950129,0.0426507363156432,1.5772226451036e-05,"All",0.972770213948319,0.9054700633648,0.950390227349847,0.0460128944689515,0.027229786051681,3.14856013108368e-05
"50","Scan_0010__rec-18um-tx-simple-label.nrrd",2,"All",0.963396361041741,0.883291901085961,0.938029734611644,0.0526608309017646,0.036603638958259,7.4830393762713e-05,"All",0.948555119514806,0.815682905878022,0.898486077318194,0.105569072722357,0.0514448804851944,0.000134412107757887
"51","Scan_0010__rec-18um-tx-simple-label.nrrd",3,"All",0.923873121869783,0.891143317230274,0.942438692098093,-0.0401907356948229,0.076126878130217,6.47207414737631e-06,"All",0.837061769616027,0.689493949394939,0.816213576428455,0.0498127950512779,0.162938230383973,3.77145411678928e-05
"52","Scan_0010__rec-18um-tx-simple-label.nrrd",4,"All",0.872768581629341,0.825859950859951,0.904625735912532,-0.0730025231286796,0.127231418370659,1.02965336984072e-05,"All",0.806231742940604,0.621155288822205,0.766311892642295,0.0990282276723739,0.193768257059396,5.40126739150734e-05
"53","Scan_0010__rec-18um-tx-simple-label.nrrd",5,"All",0.973520853540252,0.861101578586136,0.925367630111096,0.098925920803946,0.0264791464597478,7.92287522436865e-05,"All",0.948011639185257,0.909801731359955,0.95277087293464,-0.010040454257445,0.051988360814743,2.54874069253464e-05
"54","Scan_0010__rec-18um-tx-simple-label.nrrd",6,"All",0.967285640598341,0.914182322720966,0.955167448648755,0.0250560774211243,0.0327143594016585,0.000346544145321299,"All",0.962821886283379,0.893429796947773,0.943715788552595,0.0396877096438607,0.037178113716621,0.000463360768078171
"55","Scan_0010__rec-18um-tx-simple-label.nrrd",7,"All",0.920096852300242,0.88785046728972,0.940594059405941,-0.0445544554455446,0.0799031476997579,8.82421510518553e-07,"All",0.924939467312349,0.84326710816777,0.91497005988024,0.0215568862275449,0.0750605326876513,2.35312402804947e-06
"56","Scan_0010__rec-18um-tx-simple-label.nrrd",8,"All",0.891025641025641,0.783098591549296,0.878357030015798,0.028436018957346,0.108974358974359,2.52959330022508e-06,"All",0.913461538461538,0.77027027027027,0.870229007633588,0.0946564885496183,0.0865384615384615,3.41200956774545e-06
"57","Scan_0010__rec-18um-tx-simple-label.nrrd",9,"All",0.858773181169758,0.762991128010139,0.865564342199856,-0.0158159597411934,0.141226818830243,5.17696057232711e-06,"All",0.863052781740371,0.695402298850575,0.820338983050848,0.0989830508474576,0.136947218259629,9.94211746276456e-06
"58","Scan_0010__rec-18um-tx-simple-label.nrrd",10,"All",0.917174177831912,0.803057234269463,0.89077287066246,0.0575709779179811,0.0828258221680877,2.05923186297706e-05,"All",0.822574096630126,0.681008403361344,0.810237952409518,0.02999400119976,0.177425903369874,3.01236203955502e-05
"59","Scan_0010__rec-18um-tx-simple-label.nrrd",11,"All",0.934240119952876,0.906756756756757,0.951098511693834,-0.0360900616038816,0.0657598800471243,1.665709717415e-05,"All",0.940451965299347,0.847505067078467,0.917458990701076,0.0488977118378435,0.0595480347006533,6.02716166301398e-05
"60","Scan_0010__rec-18um-tx-simple-label.nrrd",12,"All",0.922256097560976,0.897626112759644,0.946051602814699,-0.0516028146989836,0.0777439024390244,1.05892095013918e-06,"All",0.855182926829268,0.795744680851064,0.886255924170616,-0.0726698262243286,0.144817073170732,2.88261814204554e-06
"61","Scan_0010__rec-18um-tx-simple-label.nrrd",13,"All",0.906360424028269,0.852159468438538,0.920179372197309,-0.0304932735426009,0.0936395759717314,2.11783068720194e-06,"All",0.84452296819788,0.788778877887789,0.881918819188192,-0.0885608856088561,0.15547703180212,2.35314520800215e-06
"62","Scan_0010__rec-18um-tx-simple-label.nrrd",14,"All",0.980362844113778,0.956903377598806,0.977977133212333,0.00486699575727448,0.0196371558862215,0.000251448443471139,"All",0.896854230767002,0.838080180199692,0.911908184667594,-0.0335705700751773,0.103145769232998,0.000719281614590214
"63","Scan_0010__rec-18um-tx-simple-label.nrrd",15,"All",0.960145832292863,0.90472717005106,0.949980852141472,0.0211738254950648,0.0398541677071368,0.000144642570106833,"All",0.957099335763872,0.895660505222817,0.944958765301217,0.0253695097447024,0.0429006642361285,0.000161978450910505
"64","Scan_0010__rec-18um-tx-simple-label.nrrd",16,"All",0.85278080697928,0.744998412194347,0.853867151956324,-0.00254777070063694,0.14721919302072,4.68411912962476e-05,"All",0.808069792802617,0.714790996784566,0.833677104819051,-0.0633789611850741,0.191930207197383,4.2251225314957e-05
"65","Scan_0011__rec-18um-tx-simple-label.nrrd",1,"All",0.941266598569969,0.920119820269596,0.958398335933437,-0.0364014560582423,0.0587334014300306,1.32436282550042e-05,"All",0.924719101123595,0.88667972575906,0.939936666147537,-0.0329128380833723,0.0752808988764045,2.47214394093412e-05
"66","Scan_0011__rec-18um-tx-simple-label.nrrd",2,"All",0.945383411580595,0.888905238375515,0.941185635273039,0.00888057957466698,0.0546165884194053,7.17317782731864e-05,"All",0.894053208137715,0.815754402665397,0.898529450313245,-0.010013368633516,0.105946791862285,0.000108363277522712
"67","Scan_0011__rec-18um-tx-simple-label.nrrd",3,"All",0.89351481184948,0.87170474516696,0.931455399061033,-0.084924360980699,0.10648518815052,7.35549569685849e-06,"All",0.824259407526021,0.774351259872132,0.872827469266638,-0.117846545146248,0.175740592473979,1.89477569151075e-05
"68","Scan_0011__rec-18um-tx-simple-label.nrrd",4,"All",0.926479882030756,0.848052448900887,0.917779632721202,0.0187813021702838,0.0735201179692437,2.58321223913013e-05,"All",0.916157573204129,0.855597088333661,0.922179813401187,-0.0131467345207803,0.0838424267958711,1.9771282741406e-05
"69","Scan_0011__rec-18um-tx-simple-label.nrrd",5,"All",0.972315364113146,0.915634361590155,0.955959425190195,0.033643279797126,0.0276846358868541,4.2384203266162e-05,"All",0.905081248387929,0.884919300605245,0.938946617312581,-0.0748338759309637,0.0949187516120712,1.55997414799069e-05
"70","Scan_0011__rec-18um-tx-simple-label.nrrd",6,"All",0.979540989462404,0.911242554393427,0.953560344602759,0.0530465700550286,0.020459010537596,0.000497006237656267,"All",0.96343989998214,0.885196672081918,0.939102731498407,0.0505214045716474,0.0365601000178603,0.000586127456251845
"71","Scan_0011__rec-18um-tx-simple-label.nrrd",7,"All",0.862068965517241,0.833333333333333,0.909090909090909,-0.109090909090909,0.137931034482759,1.00008241855696e-06,"All",0.920892494929006,0.871401151631478,0.931282051282051,-0.0225641025641026,0.0791075050709939,1.64719457174088e-06
"72","Scan_0011__rec-18um-tx-simple-label.nrrd",8,"All",0.897560975609756,0.853828306264501,0.921151439299124,-0.0525657071339174,0.102439024390244,1.23538989669905e-06,"All",0.924390243902439,0.861363636363636,0.925518925518925,-0.00244200244200244,0.075609756097561,1.76484270957007e-06
"73","Scan_0011__rec-18um-tx-simple-label.nrrd",9,"All",0.912442396313364,0.856216216216216,0.922539312754805,-0.0221316249271986,0.0875576036866359,3.35329149680578e-06,"All",0.850230414746544,0.753830439223698,0.859638905066977,-0.0221316249271986,0.149769585253456,6.53009396746389e-06
"74","Scan_0011__rec-18um-tx-simple-label.nrrd",10,"All",0.923594749242679,0.844827586206897,0.91588785046729,0.0166889185580774,0.0764052507573208,1.62978364298536e-05,"All",0.870414002019522,0.781032920567804,0.877056130235713,-0.0152619976259115,0.129585997980478,2.00045645709395e-05
"75","Scan_0011__rec-18um-tx-simple-label.nrrd",11,"All",0.960616273471353,0.938652615732029,0.968355659095321,-0.0161133760434867,0.0393837265286471,1.43036194573254e-05,"All",0.954357246027925,0.9129513633014,0.954495112438003,-0.000288919921028555,0.0456427539720751,2.77242994419764e-05
"76","Scan_0011__rec-18um-tx-simple-label.nrrd",12,"All",0.930574098798398,0.88676844783715,0.939986513823331,-0.0202292650033715,0.0694259012016021,2.17668275078341e-06,"All",0.805073431241656,0.698725376593279,0.822646657571623,-0.043656207366985,0.194926568758344,6.7065360429543e-06
"77","Scan_0011__rec-18um-tx-simple-label.nrrd",13,"All",0.965065502183406,0.908219178082192,0.951902368987796,0.0272792534099067,0.0349344978165939,2.52964910531312e-06,"All",0.874818049490539,0.804551539491299,0.891691394658754,-0.0385756676557863,0.125181950509461,3.52974293764621e-06
"78","Scan_0011__rec-18um-tx-simple-label.nrrd",14,"All",0.986600006614559,0.958251465588778,0.978680708200737,0.0160537165228612,0.0133999933854414,0.000319128554876257,"All",0.976231685940756,0.932264415130492,0.964944971123461,0.0231230249536886,0.0237683140592444,0.000508750496650131
"79","Scan_0011__rec-18um-tx-simple-label.nrrd",15,"All",0.964363770216486,0.879484704796274,0.935878544317928,0.0590756865371735,0.0356362297835139,0.000247410520107634,"All",0.976487910368785,0.891495662767008,0.942635693346362,0.0693346362263481,0.0235120896312145,0.000244402668730878
"80","Scan_0011__rec-18um-tx-simple-label.nrrd",16,"All",0.851060162041027,0.774552871038594,0.87295553001503,-0.051454336486606,0.148939837958973,3.37191895319159e-05,"All",0.840199965523186,0.742535039609994,0.852246896310544,-0.0286763420178353,0.159800034476814,4.4900072622778e-05
"81","Scan_0012__rec-18um-tx-simple-label.nrrd",1,"All",0.866499469470435,0.861513378728301,0.925605358062854,-0.136424523441525,0.133500530529565,3.53175414870745e-06,"All",0.8249252435613,0.817356398738412,0.899500394425454,-0.180804627925322,0.1750747564387,5.65080663793192e-06
"82","Scan_0012__rec-18um-tx-simple-label.nrrd",2,"All",0.84062247180317,0.816832369942197,0.899182977423706,-0.139326529053934,0.159377528196831,3.60464808769001e-05,"All",0.783229429400847,0.735125960335894,0.847345930082891,-0.163723420686815,0.216770570599153,8.09867830159113e-05
"83","Scan_0012__rec-18um-tx-simple-label.nrrd",3,"All",0.900981266726137,0.776524859046643,0.874206578188113,0.0594345066358915,0.0990187332738626,3.17138499913714e-05,"All",0.830211121022896,0.681141741888265,0.8103323175156,0.0478885502829778,0.169788878977104,4.33049973908151e-05
"84","Scan_0012__rec-18um-tx-simple-label.nrrd",4,"All",0.859543187188238,0.817682317682318,0.899697719153614,-0.0934322616103325,0.140456812811762,1.1473771869524e-05,"All",0.872932528222631,0.845625635808749,0.916356621193331,-0.0994901474438473,0.127067471777369,7.23730225616131e-06
"85","Scan_0012__rec-18um-tx-simple-label.nrrd",5,"All",0.922090171665723,0.851419613307786,0.919747859629316,0.00508044030482642,0.0779098283342766,5.1799777378684e-05,"All",0.806734578381437,0.774587936967941,0.872977800459301,-0.164225567746874,0.193265421618563,2.5899888689342e-05
"86","Scan_0012__rec-18um-tx-simple-label.nrrd",6,"All",0.950351269673064,0.914443248550766,0.955309852347934,-0.0104352629035281,0.0496487303269359,0.000236844310552248,"All",0.919924251344244,0.883006677529032,0.937868875417642,-0.0390132645099334,0.0800757486557557,0.000252172315657954
"87","Scan_0012__rec-18um-tx-simple-label.nrrd",7,"All",0.833628318584071,0.759677419354839,0.863428047662695,-0.0714940421631531,0.166371681415929,3.23557447065855e-06,"All",0.686725663716814,0.632952691680261,0.775224775224775,-0.257742257742258,0.313274336283186,2.82377408348382e-06
"88","Scan_0012__rec-18um-tx-simple-label.nrrd",8,"All",0.760089686098655,0.689024390243902,0.815884476534296,-0.146811070998797,0.239910313901345,2.70609788567866e-06,"All",0.730941704035874,0.704103671706264,0.826362484157161,-0.261089987325729,0.269058295964126,1.00007965340298e-06
"89","Scan_0012__rec-18um-tx-simple-label.nrrd",9,"All",0.544622425629291,0.450331125827815,0.621004566210046,-0.280495759947815,0.455377574370709,1.07658343951113e-05,"All",0.570938215102975,0.473434535104364,0.642627173213136,-0.251126851255634,0.429061784897025,1.05893453066669e-05
"90","Scan_0012__rec-18um-tx-simple-label.nrrd",10,"All",0.761145342515404,0.70635721493441,0.827912477823773,-0.175438596491228,0.238854657484596,1.25909512363637e-05,"All",0.663283798477709,0.609593604263824,0.757450331125828,-0.283940397350993,0.336716201522291,1.42972016375532e-05
"91","Scan_0012__rec-18um-tx-simple-label.nrrd",11,"All",0.904025044722719,0.89111267853994,0.942421558114597,-0.0849456851135251,0.0959749552772809,9.53619255856753e-06,"All",0.892754919499106,0.880391637999471,0.93639178159302,-0.0977577633924383,0.107245080500894,9.24186562774754e-06
"92","Scan_0012__rec-18um-tx-simple-label.nrrd",12,"All",0.887955182072829,0.848728246318608,0.918175235336713,-0.0680666183924692,0.112044817927171,1.9413616993339e-06,"All",0.827731092436975,0.797570850202429,0.887387387387387,-0.144144144144144,0.172268907563025,1.58838684490956e-06
"93","Scan_0012__rec-18um-tx-simple-label.nrrd",13,"All",0.909395973154362,0.842923794712286,0.914767932489452,-0.0118143459915612,0.0906040268456376,2.76495049915004e-06,"All",0.88255033557047,0.8416,0.913987836663771,-0.0712423979148566,0.11744966442953,1.7060332867096e-06
"94","Scan_0012__rec-18um-tx-simple-label.nrrd",14,"All",0.903903102466063,0.900589071496507,0.947694675301265,-0.0968943965691194,0.0960968975339372,4.26677851140846e-05,"All",0.765911365444328,0.722745808351333,0.839062622991375,-0.19101755332906,0.234088634555672,0.000692503508190519
"95","Scan_0012__rec-18um-tx-simple-label.nrrd",15,"All",0.829769753321444,0.803181068761517,0.890849047470499,-0.147219861665394,0.170230246678556,9.7467790346783e-05,"All",0.829609442318097,0.802963595104637,0.890715261566927,-0.147312255940791,0.170390557681903,9.77037898391481e-05
"96","Scan_0012__rec-18um-tx-simple-label.nrrd",16,"All",0.438948675496689,0.409301428020069,0.580857181980008,-0.646583595782555,0.561051324503311,4.12020934430518e-05,"All",0.447847682119205,0.417679984558965,0.589244383934649,-0.63144996596324,0.552152317880795,4.10843731760716e-05
"97","Scan_0013__rec-18um-tx-simple-label.nrrd",1,"All",0.942887053623357,0.918839265472682,0.957703213610586,-0.0314272211720227,0.057112946376643,1.32426983439859e-05,"All",0.925671745957892,0.893755615453729,0.943897521053256,-0.0393784841655794,0.0743282540421077,1.80689261849051e-05
"98","Scan_0013__rec-18um-tx-simple-label.nrrd",2,"All",0.880948280810516,0.840563040858802,0.913375985716411,-0.0736199970242523,0.119051719189484,4.92884357493441e-05,"All",0.810171631938465,0.738875510417757,0.84983140655106,-0.0979046242774567,0.189828368061535,9.89890806387663e-05
"99","Scan_0013__rec-18um-tx-simple-label.nrrd",3,"All",0.901702537744941,0.862365591397849,0.926096997690531,-0.0541075552622897,0.0982974622550594,8.35491736015913e-06,"All",0.855123674911661,0.755177304964539,0.860513980927752,-0.0126070793599483,0.144876325088339,2.42410278337011e-05
"100","Scan_0013__rec-18um-tx-simple-label.nrrd",4,"All",0.863513917988626,0.839639115250291,0.912830248378421,-0.11422243315931,0.136486082011374,5.5896323734091e-06,"All",0.873690511822808,0.773654916512059,0.872384937238494,0.00298864315600717,0.126309488177192,2.5418117740134e-05
"101","Scan_0013__rec-18um-tx-simple-label.nrrd",5,"All",0.87951367781155,0.855487228003784,0.922115997450605,-0.0968769917144678,0.12048632218845,1.35955392976709e-05,"All",0.874042553191489,0.799933236897741,0.888847675568744,-0.0338773491592483,0.125957446808511,4.48476231377716e-05
"102","Scan_0013__rec-18um-tx-simple-label.nrrd",6,"All",0.941640018273184,0.91309866593972,0.954575613057786,-0.0274746071398355,0.0583599817268159,0.00021071627899925,"All",0.913026671820642,0.864920646809644,0.927568310522253,-0.0318536996791425,0.0869733281793583,0.000374942316566682
"103","Scan_0013__rec-18um-tx-simple-label.nrrd",7,"All",0.925,0.855161787365177,0.921926910299003,0.00664451827242525,0.075,2.88260864551985e-06,"All",0.833333333333333,0.769230769230769,0.869565217391304,-0.0869565217391304,0.166666666666667,2.9414373933876e-06
"104","Scan_0013__rec-18um-tx-simple-label.nrrd",8,"All",0.853881278538813,0.821978021978022,0.902291917973462,-0.113389626055489,0.146118721461187,1.00007918274e-06,"All",0.856164383561644,0.833333333333333,0.909090909090909,-0.123636363636364,0.143835616438356,7.05938246639999e-07
"105","Scan_0013__rec-18um-tx-simple-label.nrrd",9,"All",0.830508474576271,0.737268518518518,0.848767488341106,-0.0439706862091939,0.169491525423729,5.70644460557143e-06,"All",0.792698826597132,0.671081677704194,0.803170409511229,-0.0264200792602378,0.207301173402868,8.17727629045803e-06
"106","Scan_0013__rec-18um-tx-simple-label.nrrd",10,"All",0.913725490196078,0.809283233343859,0.894589877835951,0.0418848167539267,0.0862745098039216,2.12987695489021e-05,"All",0.631372549019608,0.445871097683787,0.616750827093853,0.046317255789657,0.368627450980392,6.8662055424223e-05
"107","Scan_0013__rec-18um-tx-simple-label.nrrd",11,"All",0.943664965986395,0.921432278152569,0.959109814724788,-0.0327337546588884,0.0563350340136054,1.33610489753665e-05,"All",0.905293367346939,0.843935790725327,0.91536353377398,-0.0222472996936966,0.0947066326530612,4.02597246658619e-05
"108","Scan_0013__rec-18um-tx-simple-label.nrrd",12,"All",0.906890130353817,0.838209982788296,0.911985018726592,-0.0112359550561798,0.0931098696461825,2.58845531281924e-06,"All",0.815642458100559,0.697452229299363,0.821763602251407,-0.0150093808630394,0.184357541899441,5.35339621514888e-06
"109","Scan_0013__rec-18um-tx-simple-label.nrrd",13,"All",0.906746031746032,0.867172675521822,0.928861788617886,-0.0487804878048781,0.0932539682539683,1.35305355950741e-06,"All",0.876984126984127,0.762068965517241,0.864970645792564,0.0273972602739726,0.123015873015873,4.47095958793754e-06
"110","Scan_0013__rec-18um-tx-simple-label.nrrd",14,"All",0.969305567759131,0.953394713189371,0.976141387863933,-0.0141045720403847,0.0306944322408693,0.000169297371933134,"All",0.94102451454178,0.914320351050933,0.95524278425916,-0.0302187020585822,0.0589754854582198,0.000296285256742228
"111","Scan_0013__rec-18um-tx-simple-label.nrrd",15,"All",0.955677874835467,0.904238938453874,0.949711635650157,0.0124858790653428,0.0443221251645327,0.000140175559715938,"All",0.953284671532847,0.901423431170653,0.948156435219347,0.0107590869058104,0.0467153284671533,0.000141767793671483
"112","Scan_0013__rec-18um-tx-simple-label.nrrd",16,"All",0.805709188224799,0.691048201989288,0.817301601665008,-0.0287756764093747,0.194290811775201,5.47268491746279e-05,"All",0.743086529884032,0.636752790093258,0.778068372875023,-0.0941528115075659,0.256913470115968,5.50799256209158e-05
"113","Scan_0015__rec-18um-tx-simple-label.nrrd",1,"All",0.911088257292446,0.900646950092421,0.947726720155604,-0.0804279115001216,0.0889117427075542,7.29909992679709e-06,"All",0.852000747943156,0.838593908162326,0.912212212212212,-0.141341341341341,0.147999252056844,1.00656942538895e-05
"114","Scan_0015__rec-18um-tx-simple-label.nrrd",2,"All",0.920348892935877,0.886447562776957,0.939806205344034,-0.0422824703924831,0.0796511070641235,4.70013769400879e-05,"All",0.868206651969711,0.827705944167771,0.905732070094743,-0.0864435167362448,0.131793348030288,6.01358469371299e-05
"115","Scan_0015__rec-18um-tx-simple-label.nrrd",3,"All",0.943713834823777,0.891207153502235,0.9424743892829,0.0026267402153927,0.056286165176223,1.31801222574019e-05,"All",0.95502367175171,0.863906733285748,0.926984937452132,0.0587184069440899,0.0449763282482904,2.35947724340097e-05
"116","Scan_0015__rec-18um-tx-simple-label.nrrd",4,"All",0.89569005043558,0.814977054651648,0.898057694517872,-0.00528674864958051,0.10430994956442,2.5419644795769e-05,"All",0.902109124254929,0.825813221406086,0.904597701149425,-0.00551724137931034,0.0978908757450711,2.37132334553123e-05
"117","Scan_0015__rec-18um-tx-simple-label.nrrd",5,"All",0.957904853435848,0.891183834048641,0.942461349345185,0.032244338329157,0.0420951465641519,4.58540439293513e-05,"All",0.9462758289284,0.874034620505992,0.932783856757141,0.0285159395575766,0.0537241710716002,5.06219226947909e-05
"118","Scan_0015__rec-18um-tx-simple-label.nrrd",6,"All",0.970895684908067,0.869295747184869,0.930078344739205,0.0840818242440273,0.0291043150919329,0.000890725359977049,"All",0.954912422611455,0.860359350254376,0.924938883594436,0.0627775664181831,0.0450875773885449,0.000837555688858435
"119","Scan_0015__rec-18um-tx-simple-label.nrrd",7,"All",0.90299823633157,0.861952861952862,0.925858951175407,-0.0506329113924051,0.0970017636684303,1.58837310884327e-06,"All",0.867724867724868,0.813223140495868,0.896991795806746,-0.0674567000911577,0.132275132275132,2.23548807911275e-06
"120","Scan_0015__rec-18um-tx-simple-label.nrrd",8,"All",0.881834215167548,0.846023688663283,0.916590284142988,-0.078826764436297,0.118165784832451,1.41188720786068e-06,"All",0.82010582010582,0.786802030456853,0.880681818181818,-0.147727272727273,0.17989417989418,1.41188720786068e-06
"121","Scan_0015__rec-18um-tx-simple-label.nrrd",9,"All",0.924705882352941,0.808641975308642,0.89419795221843,0.0659840728100114,0.0752941176470588,7.17721279647625e-06,"All",0.821176470588235,0.659112370160529,0.794536141149687,0.0648833238474673,0.178823529411765,1.2295389134947e-05
"122","Scan_0015__rec-18um-tx-simple-label.nrrd",10,"All",0.903917220990392,0.800916830386379,0.889454545454545,0.032,0.0960827790096083,2.0474940966862e-05,"All",0.814855875831486,0.603448275862069,0.752688172043011,0.152585765488991,0.185144124168514,5.57765633235207e-05
"123","Scan_0015__rec-18um-tx-simple-label.nrrd",11,"All",0.944913762759592,0.930019054217911,0.963740800574403,-0.0398492191707054,0.0550862372404083,1.07136163235013e-05,"All",0.866332277367124,0.822266766892174,0.902465853882116,-0.0834173618113484,0.133667722632876,3.58494084671005e-05
"124","Scan_0015__rec-18um-tx-simple-label.nrrd",12,"All",0.89776357827476,0.865947611710324,0.928158546655656,-0.0677126341866226,0.10223642172524,1.35306327053276e-06,"All",0.908945686900958,0.878086419753086,0.935086277732128,-0.057518488085456,0.0910543130990415,1.29423443268351e-06
"125","Scan_0015__rec-18um-tx-simple-label.nrrd",13,"All",0.932525951557093,0.895348837209302,0.94478527607362,-0.0262927256792287,0.0674740484429066,1.41188812151462e-06,"All",0.904844290657439,0.788838612368024,0.881956155143339,0.0505902192242833,0.0951557093425606,5.00043709703095e-06
"126","Scan_0015__rec-18um-tx-simple-label.nrrd",14,"All",0.987640795090859,0.967010145846544,0.983228427050508,0.00893516764856798,0.012359204909141,0.000235104427581978,"All",0.951113677700001,0.901367172515383,0.948125312716884,0.00628392810067197,0.0488863222999995,0.000608190709955302
"127","Scan_0015__rec-18um-tx-simple-label.nrrd",15,"All",0.948872090946967,0.902036967182195,0.948495726156714,0.000793288776947028,0.0511279090530326,0.000154407222883139,"All",0.950578338590957,0.904426616328457,0.949815139710766,0.00160575693597788,0.0494216614090431,0.000151752150269558
"128","Scan_0015__rec-18um-tx-simple-label.nrrd",16,"All",0.874669020300088,0.724733070059968,0.840400271370421,0.0783582089552239,0.125330979699912,6.89678426841155e-05,"All",0.815710503089144,0.669516082294987,0.802048077757528,0.0334982209494055,0.184289496910856,7.27928510241048e-05
"129","Scan_0017__rec-18um-tx-simple-label.nrrd",1,"All",0.921521997621879,0.912946165626104,0.954492271691607,-0.0715561303035901,0.0784780023781213,4.64960735537279e-06,"All",0.916765755053508,0.886105045397081,0.939613673755408,-0.0498446164158187,0.0832342449464923,1.71270346887782e-05
"130","Scan_0017__rec-18um-tx-simple-label.nrrd",2,"All",0.921458873438605,0.879287079725627,0.935766641735228,-0.0310545998504114,0.0785411265613952,4.79327669336926e-05,"All",0.890466650954513,0.822700054436581,0.902726756861691,-0.0275363617358062,0.109533349045487,8.23218773627792e-05
"131","Scan_0017__rec-18um-tx-simple-label.nrrd",3,"All",0.880261660978385,0.839208242950108,0.912575556538405,-0.0734188412206988,0.119738339021615,1.01202807130514e-05,"All",0.901592718998862,0.735840297121634,0.847820272800214,0.119283230810377,0.0984072810011377,4.66003623531206e-05
"132","Scan_0017__rec-18um-tx-simple-label.nrrd",4,"All",0.863551836355184,0.772992093216812,0.871963384579275,-0.0194812815397254,0.136448163644816,2.96561475605171e-05,"All",0.784286378428638,0.716500318538968,0.834838550043301,-0.128912532475566,0.215713621571362,2.39485159863699e-05
"133","Scan_0017__rec-18um-tx-simple-label.nrrd",5,"All",0.906276944300741,0.749287140005703,0.856677126207262,0.10945841313827,0.0937230556992585,0.000143046408140012,"All",0.8692878082428,0.747146880094857,0.855276552426196,0.0322361723786902,0.1307121917572,0.000111611518449984
"134","Scan_0017__rec-18um-tx-simple-label.nrrd",6,"All",0.958067769064333,0.911078215047156,0.953470358118938,0.00959725625648546,0.0419322309356674,0.00031177222446819,"All",0.961181112383862,0.870331462815705,0.930670825058418,0.0634849913972481,0.0388188876161385,0.000631001415580835
"135","Scan_0017__rec-18um-tx-simple-label.nrrd",7,"All",0.848614072494669,0.808943089430894,0.89438202247191,-0.107865168539326,0.151385927505331,1.35305077358325e-06,"All",0.848614072494669,0.755218216318786,0.860540540540541,-0.0281081081081081,0.151385927505331,3.41204108120993e-06
"136","Scan_0017__rec-18um-tx-simple-label.nrrd",8,"All",0.768421052631579,0.665148063781321,0.79890560875513,-0.079343365253078,0.231578947368421,3.4708512033147e-06,"All",0.839473684210526,0.694989106753813,0.820051413881748,0.0462724935732648,0.160526315789474,4.64741093325188e-06
"137","Scan_0017__rec-18um-tx-simple-label.nrrd",9,"All",0.789411764705882,0.705573080967403,0.827373612823674,-0.0961775585696671,0.210588235294118,5.94179092167296e-06,"All",0.790588235294118,0.653696498054475,0.790588235294118,0,0.209411764705882,1.0471671129285e-05
"138","Scan_0017__rec-18um-tx-simple-label.nrrd",10,"All",0.953363914373089,0.816099476439791,0.898738738738739,0.114594594594595,0.0466360856269113,2.58877193131094e-05,"All",0.916284403669725,0.759024699176694,0.863006300630063,0.116291629162916,0.0837155963302752,3.18889633356938e-05
"139","Scan_0017__rec-18um-tx-simple-label.nrrd",11,"All",0.942996247083883,0.933621209078128,0.965671254219683,-0.0480914048299143,0.0570037529161173,5.82722009875313e-06,"All",0.886601075159753,0.859657749803304,0.924533291025438,-0.0855677190755725,0.113398924840247,1.81879900051992e-05
"140","Scan_0017__rec-18um-tx-simple-label.nrrd",12,"All",0.869415807560137,0.860544217687075,0.925045703839122,-0.127970749542962,0.130584192439863,3.52972113438178e-07,"All",0.843642611683849,0.827993254637437,0.90590405904059,-0.14760147601476,0.156357388316151,6.47115541303326e-07
"141","Scan_0017__rec-18um-tx-simple-label.nrrd",13,"All",0.853053435114504,0.833955223880597,0.909460834181078,-0.132248219735504,0.146946564885496,7.05941818157859e-07,"All",0.881679389312977,0.844606946983547,0.915758176412289,-0.0773042616451933,0.118320610687023,1.35305515146923e-06
"142","Scan_0017__rec-18um-tx-simple-label.nrrd",14,"All",0.98853083986966,0.930581488396906,0.964042692825809,0.0495445282153859,0.0114691601303401,0.000574098276838382,"All",0.973101245443891,0.890038756493774,0.941820640910975,0.0642905446465578,0.0268987545561094,0.000860375618194605
"143","Scan_0017__rec-18um-tx-simple-label.nrrd",15,"All",0.957733135764083,0.90158011479271,0.948243103489742,0.0198176964332957,0.0422668642359171,0.000151197743827738,"All",0.952510505987806,0.883352106330255,0.938063682687017,0.0303342025310399,0.0474894940121942,0.000190058630404368
"144","Scan_0017__rec-18um-tx-simple-label.nrrd",16,"All",0.755302366345311,0.663331280788177,0.797593706617307,-0.111985192040722,0.244697633654689,4.65475187494994e-05,"All",0.717966695880806,0.621359223300971,0.766467065868263,-0.135104790419162,0.282033304119194,5.21967751337623e-05
"145","Scan_0018__rec-18um-tx-simple-label.nrrd",1,"All",0.954204267521295,0.926010803732198,0.961584225735169,-0.0154682984871664,0.0457957324787046,2.12512513072316e-05,"All",0.903095218014675,0.891664584894662,0.942730114011533,-0.0877756746049214,0.0969047819853251,8.9478952872554e-06
"146","Scan_0018__rec-18um-tx-simple-label.nrrd",2,"All",0.923493369145543,0.888050365228621,0.940706224350205,-0.0372777017783858,0.0765066308544569,5.60226927840415e-05,"All",0.837837837837838,0.798655838700644,0.888058539623229,-0.119881675229643,0.162162162162162,6.88649083749154e-05
"147","Scan_0018__rec-18um-tx-simple-label.nrrd",3,"All",0.941206675224647,0.723790720631787,0.839766349788111,0.21555377390906,0.058793324775353,6.88429795782891e-05,"All",0.856482670089859,0.727907484180668,0.842530622553353,0.0325798711958581,0.143517329910141,4.04820255981734e-05
"148","Scan_0018__rec-18um-tx-simple-label.nrrd",4,"All",0.924496644295302,0.830891856958208,0.907636192493234,0.0364748793975762,0.075503355704698,2.76553228847208e-05,"All",0.911313518696069,0.820988987259771,0.901695719198387,0.0211075536582474,0.088686481303931,2.70080706469933e-05
"149","Scan_0018__rec-18um-tx-simple-label.nrrd",5,"All",0.962335408798612,0.853676204273814,0.92106291520125,0.0857756936303243,0.0376645912013882,7.33991610599498e-05,"All",0.942533428600592,0.75856403515978,0.862708459849582,0.169383846405381,0.057466571399408,0.000139852771995542
"150","Scan_0018__rec-18um-tx-simple-label.nrrd",6,"All",0.977408787981475,0.861294978350669,0.925479290890131,0.106259525655766,0.0225912120185248,0.000990154161592638,"All",0.972874408997757,0.822998641758752,0.902906478267869,0.143837539733351,0.027125591002243,0.00133752885159539
"151","Scan_0018__rec-18um-tx-simple-label.nrrd",7,"All",0.904109589041096,0.707142857142857,0.828451882845188,0.167364016736402,0.0958904109589041,7.17703884083999e-06,"All",0.888127853881279,0.68006993006993,0.809573361082206,0.176899063475546,0.111872146118721,7.88297708747998e-06
"152","Scan_0018__rec-18um-tx-simple-label.nrrd",8,"All",0.948586118251928,0.844393592677345,0.915632754342432,0.0694789081885856,0.051413881748072,2.82374484688626e-06,"All",0.943444730077121,0.777542372881356,0.874851013110846,0.145411203814064,0.0565552699228792,4.88272546440749e-06
"153","Scan_0018__rec-18um-tx-simple-label.nrrd",9,"All",0.89832285115304,0.699021207177814,0.822851656265002,0.168026884301488,0.10167714884696,1.60017526625563e-05,"All",0.848008385744235,0.695017182130584,0.820070957932083,0.0658895083628991,0.151991614255765,1.23542943350619e-05
"154","Scan_0018__rec-18um-tx-simple-label.nrrd",10,"All",0.892819979188345,0.728147100424328,0.842691111474873,0.112293337698478,0.107180020811655,3.83614957900318e-05,"All",0.696843565730142,0.366405252598942,0.53630539241858,0.460758142018153,0.303156434269858,0.000152975289960249
"155","Scan_0018__rec-18um-tx-simple-label.nrrd",11,"All",0.972466012734469,0.938236759090154,0.968134315573068,0.0089086859688196,0.0275339872655309,2.49595731442057e-05,"All",0.920237480640165,0.890582063452411,0.942124735729387,-0.047568710359408,0.0797625193598348,2.2781497185867e-05
"156","Scan_0018__rec-18um-tx-simple-label.nrrd",12,"All",0.96986301369863,0.89620253164557,0.945260347129506,0.0507343124165554,0.0301369863013699,3.52975186667986e-06,"All",0.893150684931507,0.80593325092707,0.892539356605065,0.00136892539356605,0.106849315068493,4.64750662446182e-06
"157","Scan_0018__rec-18um-tx-simple-label.nrrd",13,"All",0.941775836972344,0.864973262032086,0.927598566308244,0.0301075268817204,0.0582241630276565,3.58857198660698e-06,"All",0.812227074235808,0.768595041322314,0.869158878504673,-0.14018691588785,0.187772925764192,2.29433290947004e-06
"158","Scan_0018__rec-18um-tx-simple-label.nrrd",14,"All",0.949033348119278,0.935801413420616,0.966836171244475,-0.0375178030581909,0.0509666518807223,0.000168884619183043,"All",0.924646507942046,0.894922939630014,0.944548108963997,-0.0430469392378833,0.0753534920579543,0.000396703243650263
"159","Scan_0018__rec-18um-tx-simple-label.nrrd",15,"All",0.964272597429096,0.911966191312402,0.9539563988696,0.0213968510294711,0.0357274025709039,0.000165839905671253,"All",0.961150785553969,0.914022934978753,0.955080441592409,0.0126314082094016,0.0388492144460314,0.000149084824486395
"160","Scan_0018__rec-18um-tx-simple-label.nrrd",16,"All",0.780046765393609,0.707579185520362,0.828751242133157,-0.124875786684333,0.219953234606391,3.86637137868271e-05,"All",0.797505845674201,0.712931995540691,0.832411324438659,-0.0875366091767003,0.202494154325799,4.47839972477556e-05
"161","Scan_0019__rec-18um-tx-simple-label.nrrd",1,"All",0.944604662340783,0.917055529631358,0.95673340230025,-0.0256800340777703,0.0553953376592165,1.47138711194372e-05,"All",0.970079307858688,0.877118644067797,0.934537246049661,0.0732766105226602,0.0299206921413122,5.19105373093744e-05
"162","Scan_0019__rec-18um-tx-simple-label.nrrd",2,"All",0.921679552454585,0.855434338720028,0.922085272292793,-0.000880392403471262,0.0783204475454145,7.25423496879236e-05,"All",0.906028034445911,0.707331435862204,0.828581283053575,0.1709588411129,0.0939719655540889,0.000263142662950755
"163","Scan_0019__rec-18um-tx-simple-label.nrrd",3,"All",0.914838337182448,0.876625172890733,0.934257075471698,-0.0424528301886792,0.085161662817552,8.88463786098401e-06,"All",0.877886836027714,0.68816474315456,0.815281501340483,0.142627345844504,0.122113163972286,5.61909215711241e-05
"164","Scan_0019__rec-18um-tx-simple-label.nrrd",4,"All",0.905307262569832,0.831025641025641,0.907716006161602,-0.00532138355972553,0.0946927374301676,1.88285001358006e-05,"All",0.902234636871508,0.778876296117675,0.875694726853735,0.0588315033211333,0.0977653631284916,3.33617486781216e-05
"165","Scan_0019__rec-18um-tx-simple-label.nrrd",5,"All",0.821584066697545,0.710600112170499,0.830819672131148,-0.0224824355971897,0.178415933302455,9.92447918705448e-05,"All",0.831310792033349,0.70744974379188,0.828662449789926,0.00637148529479662,0.168689207966651,0.000111253058502568
"166","Scan_0019__rec-18um-tx-simple-label.nrrd",6,"All",0.916836136770991,0.889331895651011,0.941424741410584,-0.0536379482732686,0.0831638632290087,0.000212580148461379,"All",0.93362229422308,0.866212553666083,0.928310713551306,0.0113784358078004,0.0663777057769199,0.000534915386111651
"167","Scan_0019__rec-18um-tx-simple-label.nrrd",7,"All",0.871681415929204,0.85097192224622,0.91948658109685,-0.109684947491249,0.128318584070796,6.47110592376802e-07,"All",0.920353982300885,0.838709677419355,0.912280701754386,0.0175438596491228,0.079646017699115,2.58844236950721e-06
"168","Scan_0019__rec-18um-tx-simple-label.nrrd",8,"All",0.73134328358209,0.646153846153846,0.785046728971963,-0.146862483311081,0.26865671641791,3.11788731955227e-06,"All",0.823383084577114,0.724288840262582,0.84010152284264,-0.0406091370558376,0.176616915422886,3.2355434448184e-06
"169","Scan_0019__rec-18um-tx-simple-label.nrrd",9,"All",0.635786802030457,0.546943231441048,0.70712773465067,-0.224417784050812,0.364213197969543,7.53016300920374e-06,"All",0.846446700507614,0.737016574585635,0.848600508905852,-0.00508905852417303,0.153553299492386,6.88303962560029e-06
"170","Scan_0019__rec-18um-tx-simple-label.nrrd",10,"All",0.970483641536273,0.871884984025559,0.931558286396996,0.0802184673152415,0.0295163584637269,1.8709976536042e-05,"All",0.898293029871977,0.770591824283099,0.870434183321847,0.062026188835286,0.101706970128023,2.74177643578477e-05
"171","Scan_0019__rec-18um-tx-simple-label.nrrd",11,"All",0.960458452722063,0.928703361654969,0.963033901551427,-0.00536295728787589,0.039541547277937,2.10729275158397e-05,"All",0.891595033428844,0.791571271093021,0.883661491859144,0.017796289284362,0.108404966571156,7.78756511269719e-05
"172","Scan_0019__rec-18um-tx-simple-label.nrrd",12,"All",0.922509225092251,0.866551126516464,0.928505106778087,-0.0129990714948932,0.0774907749077491,2.05899914992749e-06,"All",0.939114391143911,0.84974958263773,0.918772563176895,0.0433212996389892,0.0608856088560886,3.35322718702478e-06
"173","Scan_0019__rec-18um-tx-simple-label.nrrd",13,"All",0.890086206896552,0.829317269076305,0.906695938529089,-0.0373216245883644,0.109913793103448,2.00016142479264e-06,"All",0.931034482758621,0.789762340036563,0.882533197139939,0.104187946884576,0.0689655172413793,4.88274700758202e-06
"174","Scan_0019__rec-18um-tx-simple-label.nrrd",14,"All",0.987522918852847,0.950418680532049,0.974579140385168,0.0262146391148363,0.0124770811471535,0.000402421207520373,"All",0.950610592834327,0.879739608345339,0.936022845334136,0.0306913211574818,0.049389407165673,0.000830398628190025
"175","Scan_0019__rec-18um-tx-simple-label.nrrd",15,"All",0.950299125632766,0.882855921333903,0.937783832879201,0.0263396911898274,0.0497008743672342,0.00019580514604233,"All",0.953865623561896,0.884618667577141,0.938777358832388,0.0316360383618103,0.046134376438104,0.000200641297239761
"176","Scan_0019__rec-18um-tx-simple-label.nrrd",16,"All",0.678972465774496,0.599972815006117,0.749978761362671,-0.209158100416277,0.321027534225504,5.03748957413263e-05,"All",0.695739117058914,0.603791216126018,0.752954885966373,-0.164474779424005,0.304260882941086,5.82606854952255e-05
"177","Scan_0020__rec-18um-tx-simple-label.nrrd",1,"All",0.977579132473622,0.919630548662807,0.958132854578097,0.0397845601436266,0.0224208675263775,2.53056272417549e-05,"All",0.981535756154748,0.850863821138211,0.919423472889499,0.12656142759094,0.0184642438452521,6.16751101147887e-05
"178","Scan_0020__rec-18um-tx-simple-label.nrrd",2,"All",0.94131708821715,0.864273576890399,0.927196080665375,0.0300026584634082,0.0586829117828501,6.8055549341333e-05,"All",0.929981492905614,0.75992438563327,0.86358754027927,0.142785535266738,0.0700185070943862,0.000170845332343035
"179","Scan_0020__rec-18um-tx-simple-label.nrrd",3,"All",0.928212290502793,0.892320085929108,0.943096353058039,-0.032070384560806,0.0717877094972067,8.47282506111025e-06,"All",0.849162011173184,0.769036175056919,0.869440869440869,-0.0477620477620478,0.150837988826816,2.19469704707925e-05
"180","Scan_0020__rec-18um-tx-simple-label.nrrd",4,"All",0.902114803625378,0.861511829197923,0.925604463732176,-0.0520768753874768,0.0978851963746224,9.1787479975914e-06,"All",0.869788519637462,0.818828213879408,0.900390930414386,-0.0703674745895231,0.130211480362538,1.21206544070758e-05
"181","Scan_0020__rec-18um-tx-simple-label.nrrd",5,"All",0.965983112183353,0.913112884834664,0.95458338300155,0.0236023363928955,0.0340168878166466,2.82505793428703e-05,"All",0.96670687575392,0.891732502503616,0.942768072466326,0.0495264984412682,0.0332931242460796,4.1022195420793e-05
"182","Scan_0020__rec-18um-tx-simple-label.nrrd",6,"All",0.956305160519521,0.916514303654865,0.956438782540822,-0.000279454774099361,0.0436948394804794,0.000266701327185353,"All",0.932458473041199,0.862226261114378,0.926016649124486,0.0138168596306574,0.0675415269588006,0.00050037572570461
"183","Scan_0020__rec-18um-tx-simple-label.nrrd",7,"All",0.840625,0.6725,0.804185351270553,0.0866965620328849,0.159375,4.7062223082938e-06,"All",0.759375,0.551020408163265,0.710526315789474,0.128654970760234,0.240625,7.11816124129437e-06
"184","Scan_0020__rec-18um-tx-simple-label.nrrd",8,"All",0.881889763779528,0.741721854304636,0.85171102661597,0.0684410646387833,0.118110236220472,2.82372242149728e-06,"All",0.87007874015748,0.657738095238095,0.793536804308797,0.175942549371634,0.12992125984252,4.82385913672452e-06
"185","Scan_0020__rec-18um-tx-simple-label.nrrd",9,"All",0.877284595300261,0.761904761904762,0.864864864864865,0.0283140283140283,0.122715404699739,6.8242013948903e-06,"All",0.815926892950392,0.694444444444444,0.819672131147541,-0.00918032786885246,0.184073107049608,7.88312919754569e-06
"186","Scan_0020__rec-18um-tx-simple-label.nrrd",10,"All",0.939361320416218,0.903070024146257,0.949066521660323,-0.020663404023926,0.0606386795837818,6.58966757774705e-06,"All",0.69967707212056,0.611093701034159,0.758607274849251,-0.168449717953706,0.30032292787944,2.37698723340161e-05
"187","Scan_0020__rec-18um-tx-simple-label.nrrd",11,"All",0.962162162162162,0.936349289847449,0.967128497690845,-0.0103232817169247,0.0378378378378378,1.50089682999995e-05,"All",0.958810810810811,0.835909519321395,0.910621695158889,0.100518507110221,0.0411891891891892,8.00478309333306e-05
"188","Scan_0020__rec-18um-tx-simple-label.nrrd",12,"All",0.933333333333333,0.854330708661417,0.921443736730361,0.0254777070063694,0.0666666666666667,2.52961606840364e-06,"All",0.937634408602151,0.692063492063492,0.818011257035647,0.25515947467167,0.0623655913978495,9.70666630899072e-06
"189","Scan_0020__rec-18um-tx-simple-label.nrrd",13,"All",0.863736263736264,0.80040733197556,0.889140271493213,-0.0588235294117647,0.136263736263736,2.11781685790455e-06,"All",0.602197802197802,0.440514469453376,0.611607142857143,-0.03125,0.397802197802198,9.82431709083499e-06
"190","Scan_0020__rec-18um-tx-simple-label.nrrd",14,"All",0.971606766228509,0.957159347289994,0.978110799833787,-0.0133882015468547,0.0283932337714907,0.000168576727037042,"All",0.971622744412961,0.951260591839395,0.975021579196318,-0.00699620259591719,0.0283772555870385,0.000239064878603342
"191","Scan_0020__rec-18um-tx-simple-label.nrrd",15,"All",0.952877601850205,0.909513499745288,0.952612798879514,0.000555796400662509,0.0471223981497954,0.000126458907579065,"All",0.939712684575698,0.887341984796943,0.940308637167748,-0.00126837192225103,0.0602873154243017,0.000156540084288637
"192","Scan_0020__rec-18um-tx-simple-label.nrrd",16,"All",0.687989764912842,0.609953211399405,0.757727873183619,-0.202730074856891,0.312010235087158,4.70786547203796e-05,"All",0.651367343675036,0.54256027707473,0.703454231433506,-0.15993091537133,0.348632656324964,7.3795791274195e-05
"193","Scan_0027__rec-18um-tx-simple-label.nrrd",1,"All",0.950792126740278,0.577489429946056,0.732162661737523,0.459889094269871,0.0492078732597216,0.000158459060074754,"All",0.760681709073452,0.416809154281205,0.58837727441515,0.45302636464909,0.239318290926548,0.000202236832334545
"194","Scan_0027__rec-18um-tx-simple-label.nrrd",2,"All",0.897565922920893,0.361618087714519,0.531159347804341,0.816444933480044,0.102434077079108,0.000515971823042379,"All",0.796991210277214,0.275585948915775,0.432093108504399,0.915689149560117,0.203008789722786,0.000658676165067672
"195","Scan_0027__rec-18um-tx-simple-label.nrrd",3,"All",0.549964054636952,0.349740932642487,0.518234165067179,0.115388957886418,0.450035945363048,0.00014057142608329,"All",0.521687035705727,0.396178343949045,0.567518248175182,-0.17570385818561,0.478312964294273,7.77879553294723e-05
"196","Scan_0027__rec-18um-tx-simple-label.nrrd",4,"All",0.765087281795511,0.563142437591777,0.720526068576797,0.116486613433537,0.234912718204489,8.46127132543403e-05,"All",0.865087281795511,0.692830037946874,0.818546484190656,0.107597923548844,0.134912718204489,5.86640299823208e-05
"197","Scan_0027__rec-18um-tx-simple-label.nrrd",5,"All",0.565110565110565,0.318379160636758,0.482985729967069,0.290650503507851,0.434889434889435,0.000408413398407947,"All",0.69220460129551,0.433002654743608,0.604329173166927,0.25390015600624,0.30779539870449,0.000315477131498284
"198","Scan_0027__rec-18um-tx-simple-label.nrrd",6,"All",0.943355488760002,0.86389647044228,0.926979029299077,0.0347195933156671,0.0566445112399983,0.000643505027283061,"All",0.856661445324076,0.775491120359938,0.873551110976805,-0.0394313663698018,0.143338554675924,0.000732303152653337
"199","Scan_0027__rec-18um-tx-simple-label.nrrd",7,"All",0.217391304347826,0.0927152317880795,0.16969696969697,0.438787878787879,0.782608695652174,2.54724312406133e-05,"All",0.701863354037267,0.46985446985447,0.639321074964639,0.178217821782178,0.298136645962733,9.35361793823906e-06
"200","Scan_0027__rec-18um-tx-simple-label.nrrd",8,"All",0.322344322344322,0.127536231884058,0.226221079691517,0.596401028277635,0.677655677655678,2.45311159557614e-05,"All",0.82051282051282,0.61878453038674,0.764505119453925,0.136518771331058,0.179487179487179,5.23565784187713e-06
"201","Scan_0027__rec-18um-tx-simple-label.nrrd",9,"All",0.216335540838852,0.118001204093919,0.211093161012386,0.0484652665589661,0.783664459161148,4.44165042081549e-05,"All",0.0916114790286976,0.047783534830167,0.0912087912087912,0.00879120879120879,0.908388520971302,4.88875695324195e-05
"202","Scan_0027__rec-18um-tx-simple-label.nrrd",10,"All",0.296741854636591,0.130944481309445,0.231566594954039,0.439272442792881,0.703258145363408,0.000148613613254075,"All",0.515288220551378,0.328224776500639,0.494230769230769,0.0817307692307692,0.484711779448622,6.68937760371668e-05
"203","Scan_0027__rec-18um-tx-simple-label.nrrd",11,"All",0.741814946619217,0.580357764321013,0.734463774499009,0.0198194230345739,0.258185053380783,0.000184072712665498,"All",0.559697508896797,0.412254259501966,0.583824416500394,-0.0862140967936523,0.440302491103203,0.000236639688172466
"204","Scan_0027__rec-18um-tx-simple-label.nrrd",12,"All",0,0,0,0.393382352941176,1,3.82971476272682e-05,"All",0,0,0,0.181061394380853,1,3.08259682898441e-05
"205","Scan_0027__rec-18um-tx-simple-label.nrrd",13,"All",0.00957854406130268,0.00419815281276238,0.00836120401337793,0.254180602006689,0.990421455938697,3.93562517317633e-05,"All",0.0210727969348659,0.0127314814814815,0.0251428571428571,-0.386285714285714,0.978927203065134,2.01193394503185e-05
"206","Scan_0027__rec-18um-tx-simple-label.nrrd",14,"All",0.589628587800177,0.40186248961536,0.573326546066044,0.055295967907369,0.410371412199823,0.00533678520332035,"All",0.685331041308538,0.60504313754346,0.753927571653291,-0.200185096573994,0.314668958691462,0.001515666989268
"207","Scan_0027__rec-18um-tx-simple-label.nrrd",15,"All",0.857034681205513,0.573043947883616,0.728579705169195,0.299766109477931,0.142965318794487,0.00115770099945317,"All",0.810363975970518,0.660569523887906,0.795593938567906,0.0364528479561872,0.189636024029482,0.000529733410364024
"208","Scan_0027__rec-18um-tx-simple-label.nrrd",16,"All",0.238077702080648,0.123366091021849,0.219636487175132,0.154917615084084,0.761922297919352,0.000297169632841328,"All",0.277296998711103,0.181620839363242,0.307409675443968,-0.217187181057359,0.722703001288897,0.000168356894962186
"209","Scan_0028__rec-18um-tx-simple-label.nrrd",1,"All",0.838465845464726,0.445022288261516,0.615938303341902,0.530796915167095,0.161534154535274,0.000185813673250362,"All",0.662653975363942,0.386385896180215,0.557400211939244,0.317673378076063,0.337346024636058,0.000150274895972586
"210","Scan_0028__rec-18um-tx-simple-label.nrrd",2,"All",0.863327872688977,0.359516616314199,0.528888888888889,0.774767025089606,0.136672127311023,0.000352342675729586,"All",0.828457758015446,0.276238782676551,0.432895139101192,0.95493732803424,0.171542241984554,0.000502623770220795
"211","Scan_0028__rec-18um-tx-simple-label.nrrd",3,"All",0.747666459240821,0.61662817551963,0.762857142857143,-0.0406349206349206,0.252333540759179,4.01862145633194e-05,"All",0.436527691350342,0.315139263252471,0.479248505550811,-0.195730145175064,0.563472308649658,7.28411912582569e-05
"212","Scan_0028__rec-18um-tx-simple-label.nrrd",4,"All",0.824977484238967,0.632742344001842,0.775066986320688,0.120998448737837,0.175022515761033,5.95442593008927e-05,"All",0.852596817772441,0.581133619807653,0.735084767697683,0.275656787886631,0.147403182227559,9.15522405851671e-05
"213","Scan_0028__rec-18um-tx-simple-label.nrrd",5,"All",0.795570264765784,0.604624165618651,0.753602218604931,0.10550431060469,0.204429735234216,0.000146016452246323,"All",0.770112016293279,0.592324260818484,0.743974422036399,0.0678799803246434,0.229887983706721,0.000138777426197835
"214","Scan_0028__rec-18um-tx-simple-label.nrrd",6,"All",0.909380589874787,0.875173148214872,0.933431826333498,-0.0528958650019642,0.0906194101252132,0.000278335723003701,"All",0.689504555097966,0.660716563556349,0.795700576552876,-0.308035735716995,0.310495444902034,0.000310269089265726
"215","Scan_0028__rec-18um-tx-simple-label.nrrd",7,"All",0.621621621621622,0.313229571984436,0.477037037037037,0.465185185185185,0.378378378378378,1.50010297765735e-05,"All",0.420849420849421,0.210831721470019,0.348242811501597,0.345047923322684,0.579150579150579,1.51775124798273e-05
"216","Scan_0028__rec-18um-tx-simple-label.nrrd",8,"All",0.543933054393305,0.226086956521739,0.368794326241135,0.643971631205674,0.456066945606695,1.97660395086657e-05,"All",0.623430962343096,0.381074168797954,0.551851851851852,0.22962962962963,0.376569037656904,8.94177977772971e-06
"217","Scan_0028__rec-18um-tx-simple-label.nrrd",9,"All",0.0251798561151079,0.0146545708304257,0.0288858321870701,-0.294360385144429,0.974820143884892,3.52389050689782e-05,"All",0.0107913669064748,0.00559006211180124,0.0111179740580605,-0.0605311920938851,0.989208633093525,4.56517367838516e-05
"218","Scan_0028__rec-18um-tx-simple-label.nrrd",10,"All",0.92112676056338,0.605555555555556,0.754325259515571,0.362168396770473,0.0788732394366197,3.26508482425637e-05,"All",0.654460093896714,0.398058252427184,0.569444444444444,0.259803921568627,0.345539906103286,4.03576250349526e-05
"219","Scan_0028__rec-18um-tx-simple-label.nrrd",11,"All",0.471568123393316,0.35999686003611,0.529408369408369,-0.245310245310245,0.528431876606684,0.000177405079306369,"All",0.344575835475578,0.217569146864044,0.357382818749,-0.0743347731029702,0.655424164524422,0.000334150177578717
"220","Scan_0028__rec-18um-tx-simple-label.nrrd",12,"All",0.942211055276382,0.76844262295082,0.869061413673233,0.155272305909618,0.0577889447236181,5.29452439110911e-06,"All",0.535175879396985,0.305595408895265,0.468131868131868,0.250549450549451,0.464824120603015,1.75895865882402e-05
"221","Scan_0028__rec-18um-tx-simple-label.nrrd",13,"All",0.901856763925729,0.709812108559499,0.83028083028083,0.158730158730159,0.0981432360742706,6.00045356369584e-06,"All",0.578249336870027,0.332824427480916,0.49942726231386,0.27262313860252,0.421750663129974,1.63541773598769e-05
"222","Scan_0028__rec-18um-tx-simple-label.nrrd",14,"All",0.684801819662809,0.627934178570925,0.771449100137641,-0.253057973816415,0.315198180337191,0.00105201824982083,"All",0.46591462133903,0.433971627483072,0.605272265037469,-0.59821107694765,0.53408537866097,0.000855040061852341
"223","Scan_0028__rec-18um-tx-simple-label.nrrd",15,"All",0.894963090332335,0.646008987802268,0.784939806027198,0.245872227567019,0.105036909667665,0.000766208275792068,"All",0.869645133556669,0.740570562989144,0.850951496867023,0.0429914133209561,0.130354866443331,0.000346529614076588
"224","Scan_0028__rec-18um-tx-simple-label.nrrd",16,"All",0.457342657342657,0.249770852428964,0.3997066373304,0.252047426964919,0.542657342657343,0.000174810804519804,"All",0.369230769230769,0.210761615839055,0.348147171304233,0.11420282210207,0.630769230769231,0.000158159354610984
"225","Scan_0029__rec-18um-tx-simple-label.nrrd",1,"All",0.785127362366475,0.72131353799698,0.838096630363278,-0.134931657042614,0.214872637633525,3.8018360631811e-05,"All",0.790879211175021,0.559213711629709,0.71730219848466,0.186063843000869,0.209120788824979,0.000178027153113357
"226","Scan_0029__rec-18um-tx-simple-label.nrrd",2,"All",0.889712389380531,0.511804008908686,0.677077195050088,0.477986362488425,0.110287610619469,0.000392876961177046,"All",0.860951327433628,0.409243874224419,0.580799223909556,0.650796612066714,0.139048672566372,0.000587284841741509
"227","Scan_0029__rec-18um-tx-simple-label.nrrd",3,"All",0.344886975242196,0.188625927234193,0.317384843982169,0.159484893511639,0.655113024757804,0.000226426902858328,"All",0.252744886975242,0.164933970216353,0.283164495899662,-0.240713941148095,0.747255113024758,0.000145518121301623
"228","Scan_0029__rec-18um-tx-simple-label.nrrd",4,"All",0.678093802976078,0.498338870431894,0.665188470066519,0.0380635624538064,0.321906197023922,0.000112688269586589,"All",0.783951779996233,0.606440332216232,0.755011337868481,0.0738321995464853,0.216048220003767,9.1445206755906e-05
"229","Scan_0029__rec-18um-tx-simple-label.nrrd",5,"All",0.847183098591549,0.635793089780009,0.777351480150236,0.164856023585477,0.152816901408451,0.000222336919372168,"All",0.796302816901408,0.643111047916963,0.782796815507096,0.0339217722395292,0.203697183098592,0.000159291422774977
"230","Scan_0029__rec-18um-tx-simple-label.nrrd",6,"All",0.952346011169541,0.886283882471215,0.939714208139336,0.0265277596210895,0.0476539888304594,0.000651024281763736,"All",0.795123177476119,0.74066034213241,0.851010762070972,-0.140575916230366,0.204876822523881,0.000642241892400777
"231","Scan_0029__rec-18um-tx-simple-label.nrrd",7,"All",0.181818181818182,0.0591341077085533,0.111665004985045,0.771684945164506,0.818181818181818,3.75909241508098e-05,"All",0.149350649350649,0.0688622754491018,0.128851540616247,0.274509803921569,0.850649350649351,2.1177985437076e-05
"232","Scan_0029__rec-18um-tx-simple-label.nrrd",8,"All",0.158878504672897,0.0531803962460897,0.100990099009901,0.728712871287129,0.841121495327103,3.75321251165746e-05,"All",0.694704049844237,0.510297482837529,0.675757575757576,0.0545454545454545,0.305295950155763,6.82402274846811e-06
"233","Scan_0029__rec-18um-tx-simple-label.nrrd",9,"All",0.65990990990991,0.210186513629842,0.347362181387078,0.947243627741553,0.34009009009009,5.58867975853138e-05,"All",0.0292792792792793,0.00864936793080506,0.0171503957783641,0.828496042216359,0.970720720720721,6.22990722556288e-05
"234","Scan_0029__rec-18um-tx-simple-label.nrrd",10,"All",0.386097728836889,0.12747102931152,0.226118500604595,0.82869810560258,0.613902271163111,0.000173435851885077,"All",0.618719889883001,0.263559073585459,0.417169373549884,0.651508120649652,0.381280110116999,0.000115192468789342
"235","Scan_0029__rec-18um-tx-simple-label.nrrd",11,"All",0.963904840032814,0.906958793492459,0.951209639754647,0.0263411900239748,0.0360951599671862,5.85871545749944e-05,"All",0.830630403230895,0.709863560373187,0.830316028511954,0.000756954519649278,0.169369596769105,0.000158744692195161
"236","Scan_0029__rec-18um-tx-simple-label.nrrd",12,"All",0.566813509544787,0.446242774566474,0.617106314948042,-0.177458033573141,0.433186490455213,1.08245411879969e-05,"All",0.212922173274596,0.109022556390977,0.196610169491525,0.153220338983051,0.787077826725404,3.81800392989674e-05
"237","Scan_0029__rec-18um-tx-simple-label.nrrd",13,"All",0.384,0.266963292547275,0.421422300263389,-0.194907813871817,0.616,1.61191006224267e-05,"All",0.1712,0.0912190963341858,0.1671875,0.046875,0.8288,3.22382012448534e-05
"238","Scan_0029__rec-18um-tx-simple-label.nrrd",14,"All",0.965394976865554,0.810845775687564,0.895543713963926,0.144710226540481,0.0346050231344456,0.00187453166411006,"All",0.617943390072122,0.461670720645508,0.631702768789982,-0.0445328130017043,0.382056609927879,0.00332900902947437
"239","Scan_0029__rec-18um-tx-simple-label.nrrd",15,"All",0.946449867651764,0.641522082018927,0.781618583199212,0.34831487664849,0.0535501323482358,0.000963234686021508,"All",0.967596497862067,0.690145228215768,0.81666973546922,0.311962192352544,0.032403502137933,0.000814691059023515
"240","Scan_0029__rec-18um-tx-simple-label.nrrd",16,"All",0.25895103541707,0.140945960181186,0.247068599390638,0.0917736127781368,0.74104896458293,0.00025456155655624,"All",0.249467776272499,0.143015644069677,0.250242671325956,-0.0062123859444768,0.750532223727502,0.000226316168866227
"241","Scan_0031__rec-18um-tx-simple-label.nrrd",1,"All",0.820052083333333,0.411633986928105,0.583202148347069,0.577646078340587,0.179947916666667,0.000224180259286535,"All",0.759635416666667,0.395901194353963,0.567233835683034,0.506562955760817,0.240364583333333,0.000207587389701547
"242","Scan_0031__rec-18um-tx-simple-label.nrrd",2,"All",0.878867169462829,0.543913126309773,0.704590325765054,0.396594274432379,0.121132830537171,0.000235455502823436,"All",0.796675388640911,0.346754203791787,0.5149480177088,0.707257623240312,0.203324611359089,0.000496098447588494
"243","Scan_0031__rec-18um-tx-simple-label.nrrd",3,"All",0.148047722342733,0.0842072794571252,0.155334281650071,-0.0984352773826458,0.851952277657267,0.000164515065367084,"All",0.318872017353579,0.227466150870406,0.370627166719193,-0.324613930034667,0.681127982646421,8.72000453769737e-05
"244","Scan_0031__rec-18um-tx-simple-label.nrrd",4,"All",0.313315134971186,0.154942252887356,0.268311688311688,0.287272727272727,0.686684865028814,0.000198284340332418,"All",0.613891416439187,0.394618834080717,0.565916398713826,0.156298056759402,0.386108583560813,0.000107791368394359
"245","Scan_0031__rec-18um-tx-simple-label.nrrd",5,"All",0.108691227355994,0.0668586452986102,0.125337401713414,-0.306302077220983,0.891308772644006,0.000361875551303982,"All",0.423468349277427,0.308450704225352,0.471474703982777,-0.226729363775423,0.576531650722573,0.000215665585552666
"246","Scan_0031__rec-18um-tx-simple-label.nrrd",6,"All",0.928978089596872,0.792056876685462,0.883963993542915,0.0969109961968864,0.0710219104031284,0.0010675500649373,"All",0.810656161941457,0.692379478867359,0.818231947991641,-0.0186905038309728,0.189343838058543,0.00105494260409057
"247","Scan_0031__rec-18um-tx-simple-label.nrrd",7,"All",0.105058365758755,0.0385714285714286,0.0742778541953232,0.585969738651995,0.894941634241245,2.60606094476474e-05,"All",0.470817120622568,0.202341137123746,0.336578581363004,0.570236439499305,0.529182879377432,2.00601982429972e-05
"248","Scan_0031__rec-18um-tx-simple-label.nrrd",8,"All",0,0,0,1.09333333333333,1,4.09438546803767e-05,"All",0.583333333333333,0.35,0.518518518518518,0.222222222222222,0.416666666666667,8.00052332834948e-06
"249","Scan_0031__rec-18um-tx-simple-label.nrrd",9,"All",0.23568281938326,0.0802098950524738,0.148507980569049,0.739764052741152,0.76431718061674,5.17688534810848e-05,"All",0,0,0,0.663723325974982,1,5.32395595458883e-05
"250","Scan_0031__rec-18um-tx-simple-label.nrrd",10,"All",0.147540983606557,0.0481528662420382,0.0918813806514341,0.754496840058337,0.852459016393443,0.000155549441042732,"All",0.736924277907885,0.435424354243542,0.606683804627249,0.353470437017995,0.263075722092116,5.21831899413401e-05
"251","Scan_0031__rec-18um-tx-simple-label.nrrd",11,"All",0.948558622797188,0.70231540840184,0.825129591068185,0.260245447698374,0.0514413772028115,0.000202598403993107,"All",0.747682591423042,0.551713770294648,0.711102499515598,0.0978492540205387,0.252317408576958,0.000205247133853563
"252","Scan_0031__rec-18um-tx-simple-label.nrrd",12,"All",0,0,0,-0.0634146341463415,1,2.33547697175585e-05,"All",0,0,0,-0.0410132689987937,1,2.38842229353369e-05
"253","Scan_0031__rec-18um-tx-simple-label.nrrd",13,"All",0.942934782608696,0.684418145956608,0.812646370023419,0.276346604215457,0.0570652173913043,8.17708435056655e-06,"All",0.478260869565217,0.322935779816514,0.488210818307906,-0.0416088765603329,0.521739130434783,1.04125462593545e-05
"254","Scan_0031__rec-18um-tx-simple-label.nrrd",14,"All",0.718617565782844,0.694198361420103,0.819500688028307,-0.280769986844294,0.281382434217156,0.000394514041921876,"All",0.440401618780399,0.338932407002992,0.506272617243829,-0.299140582842753,0.559598381219601,0.00335765237971025
"255","Scan_0031__rec-18um-tx-simple-label.nrrd",15,"All",0.891579148367386,0.478372231215294,0.647160736808549,0.548282027470928,0.108420851632614,0.00133259435169238,"All",0.843116287951117,0.529246775662847,0.692166606574595,0.358075590600555,0.156883712048883,0.000914928715511138
"256","Scan_0031__rec-18um-tx-simple-label.nrrd",16,"All",0.338296882270824,0.128377185237507,0.22754303599374,0.654773082942097,0.661703117729176,0.000206743059619603,"All",0.317356910190786,0.128630705394191,0.227941176470588,0.563502673796791,0.682643089809214,0.000185503946209621
"257","Scan_0035__rec-18um-tx-simple-label.nrrd",1,"All",0.894529914529914,0.856745252128356,0.92284630984922,-0.0633101137465832,0.105470085470085,1.51825060809468e-05,"All",0.90957264957265,0.694828937059284,0.819939902920102,0.197087603051083,0.0904273504273504,0.000106395236412216
"258","Scan_0035__rec-18um-tx-simple-label.nrrd",2,"All",0.838365709459459,0.60360291882031,0.752808456178604,0.204104849030668,0.161634290540541,0.000216838281256438,"All",0.825802364864865,0.474089338747803,0.643230130340035,0.442169318695777,0.174197635135135,0.000413605483818944
"259","Scan_0035__rec-18um-tx-simple-label.nrrd",3,"All",0.786497527413459,0.705360586193598,0.82722749886929,-0.103573043871551,0.213502472586541,3.14808824838663e-05,"All",0.668888411094388,0.529441797140912,0.692333370423946,-0.0701012573717592,0.331111588905612,7.20823944724042e-05
"260","Scan_0035__rec-18um-tx-simple-label.nrrd",4,"All",0.826740331491713,0.758669641046441,0.862776752767528,-0.0871771217712177,0.173259668508287,2.38899879002507e-05,"All",0.783425414364641,0.68225558121632,0.811120009152271,-0.0707012927582656,0.216574585635359,3.94832066036163e-05
"261","Scan_0035__rec-18um-tx-simple-label.nrrd",5,"All",0.835009871204287,0.541750533699299,0.702773272144637,0.316730624678562,0.164990128795713,0.000338936059812384,"All",0.832377550061107,0.548676953584929,0.708575087031331,0.297467088151735,0.167622449938893,0.000323749275610996
"262","Scan_0035__rec-18um-tx-simple-label.nrrd",6,"All",0.926161249825638,0.888568446127698,0.940996814756288,-0.0320366781344889,0.0738387501743618,0.000359878004560116,"All",0.837878365183429,0.792912725808687,0.884496734720924,-0.111277176914072,0.162121634816571,0.000482388403408886
"263","Scan_0035__rec-18um-tx-simple-label.nrrd",7,"All",0.6751269035533,0.431818181818182,0.603174603174603,0.213151927437642,0.3248730964467,1.30598237582667e-05,"All",0.751269035532995,0.429608127721335,0.601015228426396,0.4,0.248730964467005,1.73542703094084e-05
"264","Scan_0035__rec-18um-tx-simple-label.nrrd",8,"All",0.624293785310734,0.437623762376238,0.608815426997245,0.0495867768595041,0.375706214689266,8.88301237421272e-06,"All",0.72316384180791,0.556521739130435,0.715083798882682,0.0223463687150838,0.27683615819209,6.23575703090429e-06
"265","Scan_0035__rec-18um-tx-simple-label.nrrd",9,"All",0.208653846153846,0.121910112359551,0.217325988983475,-0.0831246870305458,0.791346153846154,4.35344002948103e-05,"All",0.0403846153846154,0.0203389830508475,0.0398671096345515,0.0256288561936402,0.959615384615385,6.03010274353791e-05
"266","Scan_0035__rec-18um-tx-simple-label.nrrd",10,"All",0.747658079625293,0.329463364293086,0.495633611488453,0.674170386182806,0.252341920374707,0.00012754903931099,"All",0.529274004683841,0.275525754343188,0.432019115890084,0.367502986857826,0.470725995316159,9.25436525997177e-05
"267","Scan_0035__rec-18um-tx-simple-label.nrrd",11,"All",0.887866026833807,0.861705161106359,0.925716036146424,-0.0852606320518711,0.112133973166193,1.82472288787001e-05,"All",0.915287435118989,0.7573130216352,0.861898833402499,0.116659750080694,0.0847125648810107,0.000125376121005262
"268","Scan_0035__rec-18um-tx-simple-label.nrrd",12,"All",0.925373134328358,0.809869375907112,0.894947874899759,0.0657578187650361,0.0746268656716418,5.0592732095188e-06,"All",0.38971807628524,0.241273100616016,0.388751033912324,0.00496277915632754,0.61028192371476,2.18254693108311e-05
"269","Scan_0035__rec-18um-tx-simple-label.nrrd",13,"All",0,0,0,-0.345596432552954,1,2.18253704459541e-05,"All",0.0285171102661597,0.0161637931034483,0.031813361611877,-0.231177094379639,0.97148288973384,2.36490536907643e-05
"270","Scan_0035__rec-18um-tx-simple-label.nrrd",14,"All",0.829441042345277,0.742264819737885,0.852068883362468,-0.0545616622809248,0.170558957654723,0.00134079306526476,"All",0.640542019543974,0.542632099463125,0.703514596451059,-0.196622781911849,0.359457980456026,0.00205988891557716
"271","Scan_0035__rec-18um-tx-simple-label.nrrd",15,"All",0.89517288432954,0.623263152537197,0.767913879598662,0.284322742474916,0.10482711567046,0.00105578158058593,"All",0.866029874022271,0.720708115342499,0.837687820399505,0.0654528313004537,0.133970125977729,0.000487968754431891
"272","Scan_0035__rec-18um-tx-simple-label.nrrd",16,"All",0.289694971145919,0.187874251497006,0.316320100819156,-0.183814924835719,0.710305028854081,0.000193432282547424,"All",0.335696619950536,0.226650339530224,0.36954351574553,-0.201651692531083,0.664303380049464,0.000171717493298869
"273","Scan_0036__rec-18um-tx-simple-label.nrrd",1,"All",0.672691205642495,0.645584346906399,0.784626261327849,-0.332797737643807,0.327308794357505,2.24249320983651e-05,"All",0.641392990963192,0.562917109971951,0.720341605297358,-0.246178600160901,0.358607009036808,7.44554832137317e-05
"274","Scan_0036__rec-18um-tx-simple-label.nrrd",2,"All",0.848962148962149,0.501623259505086,0.668108004227923,0.426059383107524,0.151037851037851,0.000333766859463965,"All",0.809401709401709,0.386891560639664,0.557926187770904,0.621386188612549,0.190598290598291,0.000526399363612361
"275","Scan_0036__rec-18um-tx-simple-label.nrrd",3,"All",0.337986901068597,0.249142421547453,0.398901545972335,-0.360455655004068,0.662013098931403,0.000121753939349002,"All",0.286625301620131,0.218126967471144,0.358135027457737,-0.498977064714117,0.713374698379869,0.000107218790475535
"276","Scan_0036__rec-18um-tx-simple-label.nrrd",4,"All",0.62916486369537,0.531335647725196,0.693950602553394,-0.205942011693115,0.37083513630463,5.00751126690035e-05,"All",0.722198182604933,0.549193813754524,0.709005947323704,0.0365335598980459,0.277801817395067,8.56749283737592e-05
"277","Scan_0036__rec-18um-tx-simple-label.nrrd",5,"All",0.653570603189277,0.474390516662939,0.643507281553398,0.0307949029126214,0.346429396810723,0.000288647589786738,"All",0.740158693475079,0.627891778852438,0.771417101565636,-0.0844640706543557,0.259841306524921,0.000136641047500514
"278","Scan_0036__rec-18um-tx-simple-label.nrrd",6,"All",0.939814571968107,0.888198295894655,0.940789214592331,-0.00207411685941951,0.0601854280318926,0.000526100846581324,"All",0.671363564834243,0.641744645912592,0.781783753655389,-0.32894304846111,0.328636435165757,0.000417829612894724
"279","Scan_0036__rec-18um-tx-simple-label.nrrd",7,"All",0,0,0,0.628450106157112,1,3.64144015369584e-05,"All",0.315789473684211,0.152238805970149,0.264248704663212,0.326424870466321,0.684210526315789,2.04132428648216e-05
"280","Scan_0036__rec-18um-tx-simple-label.nrrd",8,"All",0.242524916943522,0.0975935828877005,0.177831912302071,0.533495736906212,0.757475083056478,2.62959877558351e-05,"All",0.667774086378738,0.487864077669903,0.6557911908646,0.0358890701468189,0.332225913621262,6.52987615413355e-06
"281","Scan_0036__rec-18um-tx-simple-label.nrrd",9,"All",0.030008826125331,0.0193953223046207,0.0380526021264689,-0.536094012311136,0.969991173874669,3.64749673769657e-05,"All",0.0344218887908208,0.0181987867475502,0.0357470210815765,-0.076993583868011,0.965578111209179,5.94188984689279e-05
"282","Scan_0036__rec-18um-tx-simple-label.nrrd",10,"All",0.814219364058592,0.714868255959849,0.833729650631059,-0.0479239070788367,0.185780635941408,2.28873437284236e-05,"All",0.680242943908539,0.602150537634409,0.751677852348993,-0.21002763521516,0.319757056091461,2.13575983892488e-05
"283","Scan_0036__rec-18um-tx-simple-label.nrrd",11,"All",0.813061788924508,0.792974497302599,0.884535165999932,-0.175812903887578,0.186938211075492,2.37293562696698e-05,"All",0.666980954176881,0.578130107878392,0.732677369238736,-0.196996374935267,0.333019045823119,0.000143965945606309
"284","Scan_0036__rec-18um-tx-simple-label.nrrd",12,"All",0,0,0,-0.362773029439696,1,2.53552231465538e-05,"All",0,0,0,-0.0545004128819158,1,3.465017733949e-05
"285","Scan_0036__rec-18um-tx-simple-label.nrrd",13,"All",0.664259927797834,0.497297297297297,0.664259927797834,0,0.335740072202166,1.64134437046237e-05,"All",0.0517448856799037,0.0354200988467875,0.0684168655529037,-0.644391408114558,0.948255114320096,2.25317166267773e-05
"286","Scan_0036__rec-18um-tx-simple-label.nrrd",14,"All",0.897288090485695,0.875989253960913,0.933895812154972,-0.0815963614304985,0.102711909514305,0.000271723338054586,"All",0.824372588157019,0.74088832548016,0.85116123146591,-0.0649915916510041,0.175627411842981,0.00125927825451304
"287","Scan_0036__rec-18um-tx-simple-label.nrrd",15,"All",0.885688501165676,0.638481278010698,0.779357428832982,0.240109411362458,0.114311498834324,0.000910715074371723,"All",0.888796971748013,0.723497602285481,0.839569026758229,0.110774331044281,0.111203028251987,0.000537407393190281
"288","Scan_0036__rec-18um-tx-simple-label.nrrd",16,"All",0.343714989917096,0.212642084835043,0.350708733424783,-0.040695016003658,0.656285010082904,0.000161874672286168,"All",0.331391440734932,0.199245588037182,0.332284879802292,-0.00539204673107167,0.668608559265068,0.000174172675378792
"289","Scan_0038__rec-18um-tx-simple-label.nrrd",1,"All",0.990303907380608,0.854200474347772,0.921367981688434,0.139221758448903,0.00969609261939219,6.47945037311865e-05,"All",0.986541244573082,0.788639518741323,0.881831705581786,0.212276049414656,0.0134587554269175,0.000102046929582087
"290","Scan_0038__rec-18um-tx-simple-label.nrrd",2,"All",0.952069716775599,0.833873019544351,0.909411950181302,0.089610594355983,0.0479302832244009,0.000126413504047499,"All",0.879778173895821,0.654357967100417,0.791071799590395,0.201656228666409,0.120221826104179,0.000307231329352515
"291","Scan_0038__rec-18um-tx-simple-label.nrrd",3,"All",0.93325315694528,0.872645487770593,0.93199219336436,0.00270229695240955,0.0667468430547204,1.35916204071061e-05,"All",0.872218881539387,0.75763907025333,0.862109955423477,0.0231797919762259,0.127781118460613,2.95956063410146e-05
"292","Scan_0038__rec-18um-tx-simple-label.nrrd",4,"All",0.825895316804408,0.763238289205703,0.865723361247473,-0.0964481663297719,0.174104683195592,1.75340923359424e-05,"All",0.846280991735537,0.724699221514508,0.840377513336069,0.0139515798112433,0.153719008264463,3.58330947402312e-05
"293","Scan_0038__rec-18um-tx-simple-label.nrrd",5,"All",0.966011235955056,0.875360597318853,0.933538433696783,0.0672306926661539,0.0339887640449438,6.5103200934849e-05,"All",0.909082397003745,0.791666666666667,0.883720930232558,0.0557957493287216,0.0909176029962547,9.32400273786626e-05
"294","Scan_0038__rec-18um-tx-simple-label.nrrd",6,"All",0.93994528987173,0.910126927421554,0.952949162022566,-0.0276694235099791,0.06005471012827,0.000338839318721975,"All",0.854765298147212,0.819125559673751,0.900570667393246,-0.107176483054054,0.145234701852788,0.000449982894587629
"295","Scan_0038__rec-18um-tx-simple-label.nrrd",7,"All",0.955172413793103,0.826865671641791,0.905228758169935,0.104575163398693,0.0448275862068966,5.29458107862618e-06,"All",0.83448275862069,0.768253968253968,0.868940754039497,-0.0825852782764812,0.16551724137931,2.9414339325701e-06
"296","Scan_0038__rec-18um-tx-simple-label.nrrd",8,"All",0.89328743545611,0.807153965785381,0.89328743545611,0,0.10671256454389,3.64737829095737e-06,"All",0.728055077452668,0.664050235478807,0.79811320754717,-0.192452830188679,0.271944922547332,3.29440619828407e-06
"297","Scan_0038__rec-18um-tx-simple-label.nrrd",9,"All",0.581913499344692,0.373423044575273,0.543784445805266,0.131047152480098,0.418086500655308,2.50612869064953e-05,"All",0.764089121887287,0.472064777327935,0.641364136413641,0.321232123212321,0.235910878112713,2.77674352579009e-05
"298","Scan_0038__rec-18um-tx-simple-label.nrrd",10,"All",0.876529477196885,0.519903232900814,0.684126754449428,0.439010273477066,0.123470522803115,0.000108846611296101,"All",0.548016314423433,0.294129353233831,0.454559434107335,0.341073350761187,0.451983685576567,0.00013697022221477
"299","Scan_0038__rec-18um-tx-simple-label.nrrd",11,"All",0.887832984136486,0.848287695717452,0.917917375831657,-0.0677703852699985,0.112167015863514,3.66778509581691e-05,"All",0.841888656090991,0.707966272338283,0.829016689385845,0.0305787864274399,0.158111343909009,0.000148830830212282
"300","Scan_0038__rec-18um-tx-simple-label.nrrd",12,"All",0.934718100890208,0.859481582537517,0.924431401320616,0.0220102714600147,0.0652818991097923,3.47091123421015e-06,"All",0.949554896142433,0.801001251564456,0.88950660180681,0.126476719944406,0.0504451038575668,7.35362549620794e-06
"301","Scan_0038__rec-18um-tx-simple-label.nrrd",13,"All",0.929883138564274,0.830104321907601,0.907166123778502,0.0488599348534202,0.0701168614357262,4.23566959729901e-06,"All",0.929883138564274,0.737748344370861,0.849085365853658,0.173780487804878,0.0701168614357262,9.17728412748118e-06
"302","Scan_0038__rec-18um-tx-simple-label.nrrd",14,"All",0.951481145713376,0.939824585180739,0.968978940013973,-0.0367801177762252,0.0485188542866244,0.000150699370712533,"All",0.919844167299635,0.857537050234819,0.923305459911461,-0.00752582390555829,0.0801558327003651,0.000882820849290686
"303","Scan_0038__rec-18um-tx-simple-label.nrrd",15,"All",0.92364723712776,0.838689280666518,0.912268635582077,0.0246384140790938,0.0763527628722402,0.000291794830830383,"All",0.912239380657846,0.8683471751082,0.92953513851933,-0.0379193405332081,0.0877606193421538,0.000145602434793649
"304","Scan_0038__rec-18um-tx-simple-label.nrrd",16,"All",0.679083628236171,0.548931044866004,0.708786936236392,-0.0874805598755832,0.320916371763829,7.49100123616232e-05,"All",0.753957906500279,0.575572302004834,0.730619980146196,0.0619077700568541,0.246042093499721,9.79185079102443e-05
"305","Scan_0044__rec-18um-tx-simple-label.nrrd",1,"All",0.949918566775244,0.920751440524114,0.958740856414893,-0.0185748335662037,0.0500814332247557,2.29001180445159e-05,"All",0.928501628664495,0.886970050563983,0.940099765016284,-0.0249824792843303,0.0714983713355049,3.38497888832819e-05
"306","Scan_0044__rec-18um-tx-simple-label.nrrd",2,"All",0.949966254218223,0.878683202929915,0.935424558605259,0.0306151835360315,0.0500337457817773,0.000106203341287883,"All",0.93466816647919,0.80872849022814,0.894250844830926,0.0864848576163929,0.0653318335208099,0.000203865648473302
"307","Scan_0044__rec-18um-tx-simple-label.nrrd",3,"All",0.925407438361889,0.885091926458833,0.939043782465812,-0.0294710060426163,0.0745925616381112,1.28278259788896e-05,"All",0.834726284997911,0.731283177741168,0.844787481497145,-0.0241065764432227,0.165273715002089,3.98368724206802e-05
"308","Scan_0044__rec-18um-tx-simple-label.nrrd",4,"All",0.893497554790799,0.844402601848682,0.915638051044083,-0.0495591647331787,0.106502445209201,1.88894965042957e-05,"All",0.865604057236008,0.796367272121313,0.886641929499072,-0.04860853432282,0.134395942763992,2.82459760811898e-05
"309","Scan_0044__rec-18um-tx-simple-label.nrrd",5,"All",0.965712952884466,0.905452689896486,0.950380657255442,0.0317533187956693,0.0342870471155341,5.03937601221695e-05,"All",0.936090810138392,0.825845394059949,0.904617002892671,0.0672452007964236,0.0639091898616078,0.000101081876319819
"310","Scan_0044__rec-18um-tx-simple-label.nrrd",6,"All",0.93515142469278,0.898072433893492,0.946299432894969,-0.0238421455773359,0.0648485753072205,0.000344576099919358,"All",0.945592301186237,0.847260963152599,0.917315939710688,0.0598066660231394,0.0544076988137629,0.000968597544428162
"311","Scan_0044__rec-18um-tx-simple-label.nrrd",7,"All",0.855648535564854,0.80511811023622,0.892039258451472,-0.0850599781897492,0.144351464435146,1.7648497695165e-06,"All",0.861924686192469,0.646781789638933,0.785510009532889,0.177311725452812,0.138075313807531,9.35370377843747e-06
"312","Scan_0044__rec-18um-tx-simple-label.nrrd",8,"All",0.919385796545106,0.818803418803419,0.900375939849624,0.0413533834586466,0.0806142034548944,3.76502236570356e-06,"All",0.91362763915547,0.806779661016949,0.893058161350844,0.0450281425891182,0.0863723608445297,4.05916473802416e-06
"313","Scan_0044__rec-18um-tx-simple-label.nrrd",9,"All",0.876968503937008,0.829608938547486,0.906870229007634,-0.0681933842239186,0.123031496062992,3.41215088107619e-06,"All",0.843503937007874,0.726887192536047,0.841846758349705,0.00392927308447937,0.156496062992126,9.58932057957618e-06
"314","Scan_0044__rec-18um-tx-simple-label.nrrd",10,"All",0.973773526689293,0.679586563307494,0.809230769230769,0.337948717948718,0.0262264733107066,8.25495587128882e-05,"All",0.977167540882444,0.601633738601824,0.751275056339699,0.462341359269363,0.0228324591175563,0.000119029050089931
"315","Scan_0044__rec-18um-tx-simple-label.nrrd",11,"All",0.965026164138571,0.933790539674401,0.965761824268337,-0.00152464286898015,0.0349738358614294,2.97338759225965e-05,"All",0.933165529575412,0.873078829945464,0.932239280042351,0.00198517734250926,0.0668344704245877,6.1175241749659e-05
"316","Scan_0044__rec-18um-tx-simple-label.nrrd",12,"All",0.899558498896247,0.871657754010695,0.931428571428571,-0.0708571428571429,0.100441501103753,1.70606440004833e-06,"All",0.897350993377483,0.804950495049505,0.891936368623149,0.0120680197476687,0.102649006622517,6.11829991741472e-06
"317","Scan_0044__rec-18um-tx-simple-label.nrrd",13,"All",0.894366197183099,0.837362637362637,0.911483253588517,-0.0382775119617225,0.105633802816901,3.41211796044767e-06,"All",0.868544600938967,0.803474484256243,0.891029500301024,-0.0517760385310054,0.131455399061033,4.05924378053257e-06
"318","Scan_0044__rec-18um-tx-simple-label.nrrd",14,"All",0.96370772249798,0.952788543621067,0.975823569565095,-0.0251442357143525,0.0362922775020201,0.000147891999751885,"All",0.902588018007619,0.806666996797729,0.892989132172697,0.0212696947963253,0.0974119819923814,0.00153451356551583
"319","Scan_0044__rec-18um-tx-simple-label.nrrd",15,"All",0.936928010376883,0.889175742447298,0.941337242977121,-0.00941210541558065,0.0630719896231174,0.000175936802980999,"All",0.96544642213735,0.882299675661437,0.937469933262777,0.0579555493356891,0.0345535778626504,0.000308730431530897
"320","Scan_0044__rec-18um-tx-simple-label.nrrd",16,"All",0.864618192881047,0.696483274108565,0.821090646442759,0.100686168291802,0.135381807118953,9.33940455440447e-05,"All",0.858381502890173,0.714756174794174,0.833653420002955,0.0576156005318363,0.141618497109827,7.77400971415773e-05
